date,product_id,units_sold,price_per_unit
2024-10-01,P001,7,64.9
2024-10-01,P002,1,84.99
2024-10-01,P003,3,26.4
2024-10-01,P004,1,77.98
2024-10-01,P005,0,61.09
2024-10-01,P006,3,12.82
2024-10-01,P007,4,45.56
2024-10-01,P008,8,93.4
2024-10-01,P009,2,61.34
2024-10-01,P010,8,56.88
2024-10-01,P011,5,62.81
2024-10-01,P012,9,96.87
2024-10-01,P013,0,36.66
2024-10-01,P014,7,24.87
2024-10-01,P015,4,45.54
2024-10-01,P016,4,36.41
2024-10-01,P017,7,64.54
2024-10-01,P018,7,93.37
2024-10-01,P019,6,86.5
2024-10-01,P020,5,50.45
2024-10-02,P001,4,70.2
2024-10-02,P002,2,69.93
2024-10-02,P003,0,60.51
2024-10-02,P004,6,44.46
2024-10-02,P005,2,33.05
2024-10-02,P006,7,13.64
2024-10-02,P007,3,49.54
2024-10-02,P008,5,28.15
2024-10-02,P009,4,60.69
2024-10-02,P010,7,72.6
2024-10-02,P011,5,58.59
2024-10-02,P012,1,28.28
2024-10-02,P013,5,72.53
2024-10-02,P014,6,89.24
2024-10-02,P015,0,19.49
2024-10-02,P016,7,51.09
2024-10-02,P017,3,89.5
2024-10-02,P018,0,39.19
2024-10-02,P019,4,91.61
2024-10-02,P020,2,34.49
2024-10-03,P001,0,24.82
2024-10-03,P002,1,58.07
2024-10-03,P003,10,34.25
2024-10-03,P004,4,31.97
2024-10-03,P005,3,60.23
2024-10-03,P006,3,46.35
2024-10-03,P007,4,32.22
2024-10-03,P008,4,72.67
2024-10-03,P009,2,99.8
2024-10-03,P010,6,34.01
2024-10-03,P011,4,12.97
2024-10-03,P012,6,41.06
2024-10-03,P013,9,57.78
2024-10-03,P014,8,50.3
2024-10-03,P015,11,17.28
2024-10-03,P016,8,43.27
2024-10-03,P017,7,52.33
2024-10-03,P018,3,98.51
2024-10-03,P019,8,81.85
2024-10-03,P020,3,23.56
2024-10-04,P001,10,87.25
2024-10-04,P002,5,39.34
2024-10-04,P003,7,82.86
2024-10-04,P004,2,41.38
2024-10-04,P005,6,85.39
2024-10-04,P006,0,70.81
2024-10-04,P007,2,58.73
2024-10-04,P008,7,72.62
2024-10-04,P009,3,98.4
2024-10-04,P010,3,56.5
2024-10-04,P011,5,89.44
2024-10-04,P012,6,26.98
2024-10-04,P013,7,86.2
2024-10-04,P014,1,87.07
2024-10-04,P015,7,86.58
2024-10-04,P016,4,94.21
2024-10-04,P017,6,62.26
2024-10-04,P018,8,43.51
2024-10-04,P019,2,53.71
2024-10-04,P020,1,50.36
2024-10-05,P001,4,26.09
2024-10-05,P002,3,42.98
2024-10-05,P003,7,37.73
2024-10-05,P004,7,58.83
2024-10-05,P005,11,32.54
2024-10-05,P006,5,63.09
2024-10-05,P007,4,91.55
2024-10-05,P008,6,49.1
2024-10-05,P009,8,70.2
2024-10-05,P010,0,87.78
2024-10-05,P011,4,61.48
2024-10-05,P012,0,79.17
2024-10-05,P013,0,89.51
2024-10-05,P014,4,77.29
2024-10-05,P015,4,59.75
2024-10-05,P016,6,61.51
2024-10-05,P017,2,34.16
2024-10-05,P018,3,53.68
2024-10-05,P019,0,85.98
2024-10-05,P020,0,93.7
2024-10-06,P001,1,32.87
2024-10-06,P002,9,36.58
2024-10-06,P003,7,22.3
2024-10-06,P004,3,73.8
2024-10-06,P005,0,47.78
2024-10-06,P006,6,33.06
2024-10-06,P007,2,10.47
2024-10-06,P008,5,66.51
2024-10-06,P009,3,89.8
2024-10-06,P010,4,12.49
2024-10-06,P011,0,70.48
2024-10-06,P012,11,39.53
2024-10-06,P013,5,32.52
2024-10-06,P014,5,13.5
2024-10-06,P015,6,39.4
2024-10-06,P016,0,84.51
2024-10-06,P017,8,27.49
2024-10-06,P018,4,47.02
2024-10-06,P019,2,21.95
2024-10-06,P020,6,97.26
2024-10-07,P001,1,76.96
2024-10-07,P002,0,32.58
2024-10-07,P003,10,15.24
2024-10-07,P004,2,92.37
2024-10-07,P005,0,18.45
2024-10-07,P006,3,26.46
2024-10-07,P007,5,56.5
2024-10-07,P008,6,69.14
2024-10-07,P009,9,14.29
2024-10-07,P010,3,60.94
2024-10-07,P011,2,18.47
2024-10-07,P012,4,38.03
2024-10-07,P013,3,51.82
2024-10-07,P014,8,68.48
2024-10-07,P015,4,11.38
2024-10-07,P016,6,94.01
2024-10-07,P017,14,71.56
2024-10-07,P018,5,65.43
2024-10-07,P019,6,82.09
2024-10-07,P020,7,70.95
2024-10-08,P001,1,83.01
2024-10-08,P002,5,83.86
2024-10-08,P003,8,68.63
2024-10-08,P004,6,28.6
2024-10-08,P005,2,43.95
2024-10-08,P006,2,13.51
2024-10-08,P007,0,69.02
2024-10-08,P008,8,44.69
2024-10-08,P009,1,33.46
2024-10-08,P010,8,54.64
2024-10-08,P011,1,94.3
2024-10-08,P012,8,13.53
2024-10-08,P013,6,59.32
2024-10-08,P014,4,48.11
2024-10-08,P015,10,75.85
2024-10-08,P016,10,21.49
2024-10-08,P017,6,88.04
2024-10-08,P018,0,60.57
2024-10-08,P019,7,76.59
2024-10-08,P020,1,31.44
2024-10-09,P001,6,54.69
2024-10-09,P002,0,45.07
2024-10-09,P003,3,14.81
2024-10-09,P004,4,96.27
2024-10-09,P005,3,96.11
2024-10-09,P006,7,70.91
2024-10-09,P007,0,17.5
2024-10-09,P008,0,18.25
2024-10-09,P009,8,29.15
2024-10-09,P010,11,95.16
2024-10-09,P011,3,93.78
2024-10-09,P012,5,97.68
2024-10-09,P013,5,73.52
2024-10-09,P014,10,97.18
2024-10-09,P015,7,88.02
2024-10-09,P016,6,85.46
2024-10-09,P017,0,45.7
2024-10-09,P018,3,90.27
2024-10-09,P019,5,30.99
2024-10-09,P020,1,62.32
2024-10-10,P001,5,63.27
2024-10-10,P002,4,41.52
2024-10-10,P003,4,44.02
2024-10-10,P004,10,73.46
2024-10-10,P005,2,49.1
2024-10-10,P006,1,32.83
2024-10-10,P007,9,76.69
2024-10-10,P008,0,79.05
2024-10-10,P009,6,71.29
2024-10-10,P010,7,31.38
2024-10-10,P011,3,17.46
2024-10-10,P012,0,57.55
2024-10-10,P013,9,98.01
2024-10-10,P014,4,60.04
2024-10-10,P015,4,93.22
2024-10-10,P016,4,92.72
2024-10-10,P017,7,16.79
2024-10-10,P018,1,24.96
2024-10-10,P019,2,99.62
2024-10-10,P020,2,72.72
2024-10-11,P001,9,92.37
2024-10-11,P002,2,96.28
2024-10-11,P003,4,19.61
2024-10-11,P004,3,40.21
2024-10-11,P005,6,44.94
2024-10-11,P006,1,30.65
2024-10-11,P007,2,33.4
2024-10-11,P008,0,50.79
2024-10-11,P009,10,34.39
2024-10-11,P010,0,21.99
2024-10-11,P011,10,92.73
2024-10-11,P012,0,17.45
2024-10-11,P013,5,24.84
2024-10-11,P014,8,47.01
2024-10-11,P015,4,98.68
2024-10-11,P016,9,43.91
2024-10-11,P017,3,84.62
2024-10-11,P018,9,61.22
2024-10-11,P019,5,58.09
2024-10-11,P020,3,77.49
2024-10-12,P001,5,75.35
2024-10-12,P002,7,78.14
2024-10-12,P003,0,28.45
2024-10-12,P004,3,32.63
2024-10-12,P005,2,89.04
2024-10-12,P006,2,78.13
2024-10-12,P007,4,52.86
2024-10-12,P008,3,84.82
2024-10-12,P009,7,97.12
2024-10-12,P010,3,17.96
2024-10-12,P011,6,53.2
2024-10-12,P012,9,47.85
2024-10-12,P013,6,82.45
2024-10-12,P014,8,91.28
2024-10-12,P015,5,64.73
2024-10-12,P016,5,67.3
2024-10-12,P017,2,75.38
2024-10-12,P018,5,59.27
2024-10-12,P019,7,36.82
2024-10-12,P020,4,57.12
2024-10-13,P001,7,51.34
2024-10-13,P002,6,85.79
2024-10-13,P003,5,41.27
2024-10-13,P004,3,28.82
2024-10-13,P005,0,58.35
2024-10-13,P006,7,51.41
2024-10-13,P007,0,72.79
2024-10-13,P008,9,26.21
2024-10-13,P009,2,88.69
2024-10-13,P010,10,56.37
2024-10-13,P011,5,30.15
2024-10-13,P012,6,83.96
2024-10-13,P013,1,12.86
2024-10-13,P014,1,59.38
2024-10-13,P015,0,90.48
2024-10-13,P016,6,21.59
2024-10-13,P017,1,18.31
2024-10-13,P018,1,53.3
2024-10-13,P019,5,24.13
2024-10-13,P020,10,43.96
2024-10-14,P001,5,98.76
2024-10-14,P002,2,58.29
2024-10-14,P003,4,78.4
2024-10-14,P004,5,57.81
2024-10-14,P005,4,23.3
2024-10-14,P006,5,21.98
2024-10-14,P007,7,77.47
2024-10-14,P008,6,12.74
2024-10-14,P009,3,45.74
2024-10-14,P010,7,19.44
2024-10-14,P011,2,60.76
2024-10-14,P012,6,85.66
2024-10-14,P013,5,30.99
2024-10-14,P014,2,40.86
2024-10-14,P015,0,68.39
2024-10-14,P016,3,53.16
2024-10-14,P017,9,60.2
2024-10-14,P018,6,62.79
2024-10-14,P019,0,40.37
2024-10-14,P020,8,90.97
2024-10-15,P001,0,54.84
2024-10-15,P002,6,39.73
2024-10-15,P003,3,53.9
2024-10-15,P004,1,86.57
2024-10-15,P005,5,92.57
2024-10-15,P006,7,10.48
2024-10-15,P007,4,75.06
2024-10-15,P008,6,83.88
2024-10-15,P009,5,52.9
2024-10-15,P010,10,85.47
2024-10-15,P011,2,76.26
2024-10-15,P012,6,57.69
2024-10-15,P013,7,17.86
2024-10-15,P014,7,55.55
2024-10-15,P015,4,63.45
2024-10-15,P016,6,43.23
2024-10-15,P017,11,59.4
2024-10-15,P018,0,28.16
2024-10-15,P019,3,22.49
2024-10-15,P020,5,10.24
2024-10-16,P001,4,64.55
2024-10-16,P002,1,81.49
2024-10-16,P003,3,93.96
2024-10-16,P004,9,99.18
2024-10-16,P005,3,93.38
2024-10-16,P006,1,74.94
2024-10-16,P007,6,81.96
2024-10-16,P008,7,84.26
2024-10-16,P009,3,67.04
2024-10-16,P010,2,91.71
2024-10-16,P011,7,71.47
2024-10-16,P012,0,50.68
2024-10-16,P013,6,66.17
2024-10-16,P014,5,58.58
2024-10-16,P015,10,41.98
2024-10-16,P016,0,45.23
2024-10-16,P017,2,30.61
2024-10-16,P018,5,58.86
2024-10-16,P019,0,75.75
2024-10-16,P020,2,72.43
2024-10-17,P001,10,61.58
2024-10-17,P002,4,99.79
2024-10-17,P003,7,80.07
2024-10-17,P004,8,22.88
2024-10-17,P005,6,54.46
2024-10-17,P006,2,77.92
2024-10-17,P007,5,44.09
2024-10-17,P008,2,51.13
2024-10-17,P009,5,58.59
2024-10-17,P010,12,53.77
2024-10-17,P011,9,11.1
2024-10-17,P012,3,63.86
2024-10-17,P013,10,63.91
2024-10-17,P014,6,84.41
2024-10-17,P015,4,30.46
2024-10-17,P016,5,48.12
2024-10-17,P017,7,92.07
2024-10-17,P018,0,22.52
2024-10-17,P019,4,75.35
2024-10-17,P020,3,63.37
2024-10-18,P001,8,43.7
2024-10-18,P002,7,16.2
2024-10-18,P003,4,24.9
2024-10-18,P004,3,26.77
2024-10-18,P005,3,38.03
2024-10-18,P006,7,30.47
2024-10-18,P007,0,76.98
2024-10-18,P008,9,28.5
2024-10-18,P009,6,20.28
2024-10-18,P010,8,47.31
2024-10-18,P011,0,92.66
2024-10-18,P012,0,62.84
2024-10-18,P013,6,24.9
2024-10-18,P014,0,13.05
2024-10-18,P015,8,34.98
2024-10-18,P016,2,29.81
2024-10-18,P017,5,97.8
2024-10-18,P018,0,51.31
2024-10-18,P019,8,58.16
2024-10-18,P020,5,26.6
2024-10-19,P001,1,45.76
2024-10-19,P002,1,48.41
2024-10-19,P003,3,52.14
2024-10-19,P004,8,66.25
2024-10-19,P005,8,62.87
2024-10-19,P006,3,36.46
2024-10-19,P007,5,58.1
2024-10-19,P008,10,53.3
2024-10-19,P009,9,19.27
2024-10-19,P010,4,40.09
2024-10-19,P011,5,34.51
2024-10-19,P012,4,90.77
2024-10-19,P013,9,98.1
2024-10-19,P014,5,85.58
2024-10-19,P015,4,59.66
2024-10-19,P016,8,32.85
2024-10-19,P017,5,63.55
2024-10-19,P018,0,40.53
2024-10-19,P019,7,60.1
2024-10-19,P020,5,74.87
2024-10-20,P001,8,96.64
2024-10-20,P002,6,95.0
2024-10-20,P003,4,39.16
2024-10-20,P004,1,17.82
2024-10-20,P005,9,86.33
2024-10-20,P006,7,21.05
2024-10-20,P007,5,73.36
2024-10-20,P008,7,91.96
2024-10-20,P009,0,84.26
2024-10-20,P010,8,42.68
2024-10-20,P011,8,42.65
2024-10-20,P012,2,87.5
2024-10-20,P013,3,60.92
2024-10-20,P014,5,98.68
2024-10-20,P015,0,53.63
2024-10-20,P016,4,56.12
2024-10-20,P017,7,46.23
2024-10-20,P018,8,29.62
2024-10-20,P019,1,21.9
2024-10-20,P020,10,91.05
2024-10-21,P001,8,84.03
2024-10-21,P002,8,57.67
2024-10-21,P003,4,16.05
2024-10-21,P004,9,46.47
2024-10-21,P005,10,19.59
2024-10-21,P006,4,22.6
2024-10-21,P007,2,75.9
2024-10-21,P008,2,32.57
2024-10-21,P009,4,61.6
2024-10-21,P010,11,85.43
2024-10-21,P011,9,47.98
2024-10-21,P012,3,41.85
2024-10-21,P013,5,16.14
2024-10-21,P014,4,85.34
2024-10-21,P015,7,74.94
2024-10-21,P016,4,64.94
2024-10-21,P017,4,95.87
2024-10-21,P018,6,22.15
2024-10-21,P019,0,58.59
2024-10-21,P020,4,24.58
2024-10-22,P001,5,95.97
2024-10-22,P002,5,23.92
2024-10-22,P003,3,40.99
2024-10-22,P004,11,41.64
2024-10-22,P005,9,63.85
2024-10-22,P006,2,51.37
2024-10-22,P007,7,96.59
2024-10-22,P008,3,81.1
2024-10-22,P009,5,17.8
2024-10-22,P010,10,96.24
2024-10-22,P011,7,78.31
2024-10-22,P012,8,75.17
2024-10-22,P013,5,91.3
2024-10-22,P014,5,68.2
2024-10-22,P015,4,70.29
2024-10-22,P016,5,13.97
2024-10-22,P017,1,38.16
2024-10-22,P018,12,20.85
2024-10-22,P019,2,20.38
2024-10-22,P020,6,47.96
2024-10-23,P001,6,14.94
2024-10-23,P002,7,50.96
2024-10-23,P003,11,68.52
2024-10-23,P004,6,42.82
2024-10-23,P005,2,89.65
2024-10-23,P006,13,57.72
2024-10-23,P007,0,61.52
2024-10-23,P008,1,82.36
2024-10-23,P009,11,76.41
2024-10-23,P010,6,56.82
2024-10-23,P011,8,47.58
2024-10-23,P012,4,51.57
2024-10-23,P013,3,93.93
2024-10-23,P014,1,16.3
2024-10-23,P015,12,34.45
2024-10-23,P016,3,45.85
2024-10-23,P017,4,57.03
2024-10-23,P018,3,75.9
2024-10-23,P019,4,36.73
2024-10-23,P020,4,86.75
2024-10-24,P001,7,34.95
2024-10-24,P002,9,91.93
2024-10-24,P003,2,96.08
2024-10-24,P004,4,81.82
2024-10-24,P005,6,98.41
2024-10-24,P006,0,89.58
2024-10-24,P007,7,99.03
2024-10-24,P008,5,76.9
2024-10-24,P009,4,85.4
2024-10-24,P010,3,30.75
2024-10-24,P011,4,13.31
2024-10-24,P012,3,96.15
2024-10-24,P013,6,66.68
2024-10-24,P014,6,29.47
2024-10-24,P015,12,57.25
2024-10-24,P016,6,33.42
2024-10-24,P017,0,99.67
2024-10-24,P018,14,90.77
2024-10-24,P019,11,77.31
2024-10-24,P020,3,13.14
2024-10-25,P001,0,34.57
2024-10-25,P002,2,52.9
2024-10-25,P003,4,93.84
2024-10-25,P004,4,76.17
2024-10-25,P005,2,10.46
2024-10-25,P006,2,72.61
2024-10-25,P007,5,96.59
2024-10-25,P008,3,19.85
2024-10-25,P009,7,61.42
2024-10-25,P010,5,69.59
2024-10-25,P011,8,76.05
2024-10-25,P012,5,56.91
2024-10-25,P013,3,24.16
2024-10-25,P014,6,24.44
2024-10-25,P015,1,93.71
2024-10-25,P016,2,19.53
2024-10-25,P017,2,89.35
2024-10-25,P018,6,96.52
2024-10-25,P019,8,10.46
2024-10-25,P020,4,83.8
2024-10-26,P001,5,10.1
2024-10-26,P002,4,60.06
2024-10-26,P003,2,27.38
2024-10-26,P004,7,17.57
2024-10-26,P005,6,20.43
2024-10-26,P006,0,43.9
2024-10-26,P007,3,11.66
2024-10-26,P008,2,48.9
2024-10-26,P009,3,26.15
2024-10-26,P010,8,77.83
2024-10-26,P011,3,79.38
2024-10-26,P012,6,95.26
2024-10-26,P013,6,73.77
2024-10-26,P014,3,52.62
2024-10-26,P015,3,68.28
2024-10-26,P016,10,63.5
2024-10-26,P017,3,83.94
2024-10-26,P018,4,43.47
2024-10-26,P019,3,10.09
2024-10-26,P020,7,24.3
2024-10-27,P001,7,19.2
2024-10-27,P002,4,86.88
2024-10-27,P003,8,36.85
2024-10-27,P004,5,85.6
2024-10-27,P005,2,21.82
2024-10-27,P006,7,88.12
2024-10-27,P007,6,87.16
2024-10-27,P008,5,96.81
2024-10-27,P009,3,38.08
2024-10-27,P010,9,38.87
2024-10-27,P011,7,28.03
2024-10-27,P012,7,88.13
2024-10-27,P013,6,52.44
2024-10-27,P014,10,58.89
2024-10-27,P015,3,18.2
2024-10-27,P016,3,23.83
2024-10-27,P017,9,11.61
2024-10-27,P018,0,81.71
2024-10-27,P019,6,97.08
2024-10-27,P020,4,26.69
2024-10-28,P001,9,32.28
2024-10-28,P002,9,60.26
2024-10-28,P003,3,68.64
2024-10-28,P004,3,39.33
2024-10-28,P005,0,98.59
2024-10-28,P006,10,23.46
2024-10-28,P007,10,45.6
2024-10-28,P008,3,97.72
2024-10-28,P009,7,78.14
2024-10-28,P010,8,95.74
2024-10-28,P011,5,77.42
2024-10-28,P012,6,23.13
2024-10-28,P013,5,11.65
2024-10-28,P014,2,53.41
2024-10-28,P015,3,79.82
2024-10-28,P016,1,94.71
2024-10-28,P017,5,89.43
2024-10-28,P018,2,17.43
2024-10-28,P019,3,38.99
2024-10-28,P020,8,97.97
2024-10-29,P001,6,83.93
2024-10-29,P002,2,13.71
2024-10-29,P003,6,21.18
2024-10-29,P004,5,90.66
2024-10-29,P005,10,65.16
2024-10-29,P006,9,36.9
2024-10-29,P007,8,65.1
2024-10-29,P008,6,53.6
2024-10-29,P009,6,63.77
2024-10-29,P010,10,80.54
2024-10-29,P011,3,24.76
2024-10-29,P012,4,49.47
2024-10-29,P013,6,68.53
2024-10-29,P014,9,53.14
2024-10-29,P015,0,52.32
2024-10-29,P016,8,76.99
2024-10-29,P017,4,13.93
2024-10-29,P018,8,24.55
2024-10-29,P019,6,54.39
2024-10-29,P020,0,17.34
2024-10-30,P001,0,47.66
2024-10-30,P002,3,28.32
2024-10-30,P003,3,96.47
2024-10-30,P004,6,47.43
2024-10-30,P005,6,76.18
2024-10-30,P006,8,79.1
2024-10-30,P007,14,56.26
2024-10-30,P008,6,62.93
2024-10-30,P009,4,64.56
2024-10-30,P010,3,63.8
2024-10-30,P011,6,99.29
2024-10-30,P012,8,35.55
2024-10-30,P013,1,51.92
2024-10-30,P014,0,85.24
2024-10-30,P015,7,46.48
2024-10-30,P016,2,64.17
2024-10-30,P017,0,56.14
2024-10-30,P018,9,47.17
2024-10-30,P019,4,18.77
2024-10-30,P020,2,46.45
2024-10-31,P001,9,69.64
2024-10-31,P002,10,18.57
2024-10-31,P003,1,45.91
2024-10-31,P004,8,87.22
2024-10-31,P005,5,63.88
2024-10-31,P006,4,45.7
2024-10-31,P007,2,89.53
2024-10-31,P008,2,49.78
2024-10-31,P009,3,70.25
2024-10-31,P010,0,23.12
2024-10-31,P011,11,95.37
2024-10-31,P012,1,32.73
2024-10-31,P013,1,64.5
2024-10-31,P014,0,42.11
2024-10-31,P015,9,73.48
2024-10-31,P016,5,50.17
2024-10-31,P017,5,58.59
2024-10-31,P018,8,13.08
2024-10-31,P019,1,26.2
2024-10-31,P020,6,17.97
2024-11-01,P001,5,71.94
2024-11-01,P002,2,45.76
2024-11-01,P003,10,11.56
2024-11-01,P004,4,39.08
2024-11-01,P005,5,32.88
2024-11-01,P006,6,56.96
2024-11-01,P007,6,21.32
2024-11-01,P008,0,21.94
2024-11-01,P009,2,26.95
2024-11-01,P010,6,75.77
2024-11-01,P011,3,96.7
2024-11-01,P012,3,32.98
2024-11-01,P013,4,31.97
2024-11-01,P014,4,84.78
2024-11-01,P015,6,20.18
2024-11-01,P016,6,81.6
2024-11-01,P017,5,94.68
2024-11-01,P018,7,84.42
2024-11-01,P019,7,41.37
2024-11-01,P020,10,24.34
2024-11-02,P001,0,87.98
2024-11-02,P002,7,99.4
2024-11-02,P003,3,35.98
2024-11-02,P004,5,19.82
2024-11-02,P005,8,93.31
2024-11-02,P006,7,49.44
2024-11-02,P007,7,43.81
2024-11-02,P008,3,36.72
2024-11-02,P009,0,66.72
2024-11-02,P010,8,64.88
2024-11-02,P011,0,59.36
2024-11-02,P012,8,63.68
2024-11-02,P013,0,11.32
2024-11-02,P014,10,62.84
2024-11-02,P015,6,78.34
2024-11-02,P016,1,55.04
2024-11-02,P017,6,86.25
2024-11-02,P018,5,92.28
2024-11-02,P019,5,32.15
2024-11-02,P020,1,52.9
2024-11-03,P001,8,77.22
2024-11-03,P002,0,74.39
2024-11-03,P003,8,48.78
2024-11-03,P004,5,90.7
2024-11-03,P005,1,27.74
2024-11-03,P006,9,53.13
2024-11-03,P007,3,65.56
2024-11-03,P008,3,57.08
2024-11-03,P009,6,57.9
2024-11-03,P010,5,62.28
2024-11-03,P011,5,45.99
2024-11-03,P012,3,97.91
2024-11-03,P013,5,21.09
2024-11-03,P014,8,87.35
2024-11-03,P015,3,36.58
2024-11-03,P016,6,81.41
2024-11-03,P017,2,83.42
2024-11-03,P018,4,43.62
2024-11-03,P019,1,10.23
2024-11-03,P020,5,67.42
2024-11-04,P001,12,81.44
2024-11-04,P002,6,68.19
2024-11-04,P003,3,91.53
2024-11-04,P004,1,79.3
2024-11-04,P005,0,37.19
2024-11-04,P006,6,75.88
2024-11-04,P007,6,82.86
2024-11-04,P008,7,79.0
2024-11-04,P009,4,23.77
2024-11-04,P010,1,31.17
2024-11-04,P011,4,58.18
2024-11-04,P012,8,26.06
2024-11-04,P013,1,28.56
2024-11-04,P014,2,67.42
2024-11-04,P015,7,15.26
2024-11-04,P016,0,22.76
2024-11-04,P017,7,70.83
2024-11-04,P018,0,49.84
2024-11-04,P019,10,11.42
2024-11-04,P020,3,40.7
2024-11-05,P001,6,40.35
2024-11-05,P002,8,91.5
2024-11-05,P003,2,68.08
2024-11-05,P004,7,63.62
2024-11-05,P005,0,40.92
2024-11-05,P006,1,65.54
2024-11-05,P007,8,70.26
2024-11-05,P008,4,16.29
2024-11-05,P009,0,63.35
2024-11-05,P010,7,71.21
2024-11-05,P011,4,27.13
2024-11-05,P012,0,14.71
2024-11-05,P013,0,99.59
2024-11-05,P014,1,50.17
2024-11-05,P015,7,17.99
2024-11-05,P016,0,96.55
2024-11-05,P017,8,25.34
2024-11-05,P018,7,46.85
2024-11-05,P019,8,10.11
2024-11-05,P020,4,37.08
2024-11-06,P001,4,44.43
2024-11-06,P002,6,20.78
2024-11-06,P003,7,31.93
2024-11-06,P004,7,70.44
2024-11-06,P005,4,80.91
2024-11-06,P006,3,87.82
2024-11-06,P007,5,24.34
2024-11-06,P008,12,15.68
2024-11-06,P009,4,40.75
2024-11-06,P010,3,44.28
2024-11-06,P011,1,55.88
2024-11-06,P012,2,84.28
2024-11-06,P013,5,88.6
2024-11-06,P014,4,24.56
2024-11-06,P015,6,60.99
2024-11-06,P016,9,45.19
2024-11-06,P017,0,58.58
2024-11-06,P018,5,66.52
2024-11-06,P019,6,74.93
2024-11-06,P020,11,22.72
2024-11-07,P001,6,39.03
2024-11-07,P002,3,12.06
2024-11-07,P003,3,96.16
2024-11-07,P004,3,61.57
2024-11-07,P005,5,53.14
2024-11-07,P006,7,38.24
2024-11-07,P007,1,90.84
2024-11-07,P008,5,84.64
2024-11-07,P009,5,84.27
2024-11-07,P010,4,69.97
2024-11-07,P011,4,55.55
2024-11-07,P012,1,30.93
2024-11-07,P013,5,94.28
2024-11-07,P014,2,88.85
2024-11-07,P015,7,10.03
2024-11-07,P016,3,11.59
2024-11-07,P017,0,44.78
2024-11-07,P018,8,60.8
2024-11-07,P019,3,53.61
2024-11-07,P020,3,77.88
2024-11-08,P001,0,48.73
2024-11-08,P002,7,25.36
2024-11-08,P003,2,72.25
2024-11-08,P004,3,65.62
2024-11-08,P005,1,30.94
2024-11-08,P006,6,29.87
2024-11-08,P007,6,86.32
2024-11-08,P008,1,75.19
2024-11-08,P009,3,68.87
2024-11-08,P010,8,41.88
2024-11-08,P011,0,25.92
2024-11-08,P012,13,44.84
2024-11-08,P013,4,81.13
2024-11-08,P014,1,62.39
2024-11-08,P015,2,65.71
2024-11-08,P016,6,39.12
2024-11-08,P017,6,27.9
2024-11-08,P018,8,15.82
2024-11-08,P019,4,33.93
2024-11-08,P020,3,68.15
2024-11-09,P001,0,23.43
2024-11-09,P002,4,21.45
2024-11-09,P003,3,68.65
2024-11-09,P004,6,82.96
2024-11-09,P005,8,45.32
2024-11-09,P006,5,96.06
2024-11-09,P007,6,82.8
2024-11-09,P008,5,16.88
2024-11-09,P009,5,32.78
2024-11-09,P010,4,80.31
2024-11-09,P011,4,44.77
2024-11-09,P012,8,50.51
2024-11-09,P013,6,50.56
2024-11-09,P014,4,89.42
2024-11-09,P015,3,13.42
2024-11-09,P016,4,77.16
2024-11-09,P017,8,19.48
2024-11-09,P018,6,13.2
2024-11-09,P019,0,51.58
2024-11-09,P020,5,99.24
2024-11-10,P001,3,47.09
2024-11-10,P002,8,59.47
2024-11-10,P003,2,56.32
2024-11-10,P004,4,90.9
2024-11-10,P005,2,97.84
2024-11-10,P006,7,70.06
2024-11-10,P007,4,96.38
2024-11-10,P008,4,53.04
2024-11-10,P009,4,21.27
2024-11-10,P010,7,52.69
2024-11-10,P011,4,92.83
2024-11-10,P012,1,56.87
2024-11-10,P013,1,13.94
2024-11-10,P014,6,19.97
2024-11-10,P015,2,43.84
2024-11-10,P016,5,59.51
2024-11-10,P017,1,34.64
2024-11-10,P018,3,93.55
2024-11-10,P019,4,11.14
2024-11-10,P020,11,99.32
2024-11-11,P001,1,89.13
2024-11-11,P002,8,33.26
2024-11-11,P003,11,29.9
2024-11-11,P004,7,98.06
2024-11-11,P005,6,26.25
2024-11-11,P006,9,14.85
2024-11-11,P007,8,34.24
2024-11-11,P008,2,58.56
2024-11-11,P009,3,71.68
2024-11-11,P010,5,18.27
2024-11-11,P011,4,23.56
2024-11-11,P012,6,40.81
2024-11-11,P013,9,76.91
2024-11-11,P014,3,65.07
2024-11-11,P015,5,88.94
2024-11-11,P016,2,49.04
2024-11-11,P017,5,83.06
2024-11-11,P018,1,76.75
2024-11-11,P019,3,27.46
2024-11-11,P020,6,89.18
2024-11-12,P001,1,76.81
2024-11-12,P002,8,83.36
2024-11-12,P003,9,43.77
2024-11-12,P004,7,58.48
2024-11-12,P005,8,85.6
2024-11-12,P006,5,84.94
2024-11-12,P007,7,78.06
2024-11-12,P008,8,85.78
2024-11-12,P009,5,21.22
2024-11-12,P010,0,44.68
2024-11-12,P011,8,29.55
2024-11-12,P012,6,22.4
2024-11-12,P013,3,44.89
2024-11-12,P014,3,46.21
2024-11-12,P015,5,75.11
2024-11-12,P016,8,19.37
2024-11-12,P017,7,14.75
2024-11-12,P018,2,53.79
2024-11-12,P019,9,12.06
2024-11-12,P020,9,38.99
2024-11-13,P001,2,72.59
2024-11-13,P002,6,77.13
2024-11-13,P003,5,43.61
2024-11-13,P004,8,21.01
2024-11-13,P005,2,43.43
2024-11-13,P006,7,15.63
2024-11-13,P007,6,76.03
2024-11-13,P008,7,36.95
2024-11-13,P009,6,54.65
2024-11-13,P010,1,26.04
2024-11-13,P011,7,95.53
2024-11-13,P012,7,28.26
2024-11-13,P013,6,24.88
2024-11-13,P014,5,73.02
2024-11-13,P015,10,72.79
2024-11-13,P016,10,93.67
2024-11-13,P017,3,43.92
2024-11-13,P018,6,51.56
2024-11-13,P019,0,94.36
2024-11-13,P020,2,73.54
2024-11-14,P001,3,91.35
2024-11-14,P002,5,91.85
2024-11-14,P003,4,93.04
2024-11-14,P004,2,52.49
2024-11-14,P005,2,80.84
2024-11-14,P006,2,97.74
2024-11-14,P007,1,86.03
2024-11-14,P008,0,34.13
2024-11-14,P009,5,14.19
2024-11-14,P010,4,65.77
2024-11-14,P011,0,38.37
2024-11-14,P012,7,79.47
2024-11-14,P013,4,75.92
2024-11-14,P014,4,59.35
2024-11-14,P015,8,80.89
2024-11-14,P016,3,66.2
2024-11-14,P017,6,23.05
2024-11-14,P018,4,75.26
2024-11-14,P019,3,37.78
2024-11-14,P020,1,95.23
2024-11-15,P001,2,71.54
2024-11-15,P002,4,59.06
2024-11-15,P003,8,81.25
2024-11-15,P004,0,59.4
2024-11-15,P005,0,86.22
2024-11-15,P006,6,48.58
2024-11-15,P007,6,29.45
2024-11-15,P008,2,18.78
2024-11-15,P009,4,77.44
2024-11-15,P010,8,36.15
2024-11-15,P011,4,42.04
2024-11-15,P012,5,98.03
2024-11-15,P013,4,40.58
2024-11-15,P014,9,88.49
2024-11-15,P015,9,77.87
2024-11-15,P016,5,11.62
2024-11-15,P017,6,24.55
2024-11-15,P018,2,32.99
2024-11-15,P019,5,77.57
2024-11-15,P020,6,60.22
2024-11-16,P001,2,40.93
2024-11-16,P002,5,35.42
2024-11-16,P003,8,43.47
2024-11-16,P004,3,50.65
2024-11-16,P005,2,49.7
2024-11-16,P006,4,27.6
2024-11-16,P007,8,34.88
2024-11-16,P008,2,38.11
2024-11-16,P009,1,90.73
2024-11-16,P010,6,56.82
2024-11-16,P011,11,24.94
2024-11-16,P012,0,65.21
2024-11-16,P013,7,25.2
2024-11-16,P014,4,55.63
2024-11-16,P015,3,42.73
2024-11-16,P016,5,75.94
2024-11-16,P017,3,81.87
2024-11-16,P018,7,97.1
2024-11-16,P019,2,98.96
2024-11-16,P020,8,53.68
2024-11-17,P001,6,39.07
2024-11-17,P002,3,99.74
2024-11-17,P003,6,18.37
2024-11-17,P004,2,12.64
2024-11-17,P005,3,44.11
2024-11-17,P006,6,97.61
2024-11-17,P007,1,92.64
2024-11-17,P008,1,19.97
2024-11-17,P009,5,38.27
2024-11-17,P010,7,32.89
2024-11-17,P011,5,57.29
2024-11-17,P012,5,31.99
2024-11-17,P013,3,91.48
2024-11-17,P014,9,76.57
2024-11-17,P015,6,49.2
2024-11-17,P016,1,61.95
2024-11-17,P017,7,85.94
2024-11-17,P018,6,32.86
2024-11-17,P019,4,10.34
2024-11-17,P020,2,71.35
2024-11-18,P001,6,99.26
2024-11-18,P002,1,16.54
2024-11-18,P003,4,87.97
2024-11-18,P004,3,29.4
2024-11-18,P005,3,78.68
2024-11-18,P006,4,46.75
2024-11-18,P007,6,30.95
2024-11-18,P008,5,82.67
2024-11-18,P009,7,10.02
2024-11-18,P010,6,25.22
2024-11-18,P011,0,30.41
2024-11-18,P012,0,44.35
2024-11-18,P013,4,82.21
2024-11-18,P014,1,53.12
2024-11-18,P015,4,12.45
2024-11-18,P016,4,96.96
2024-11-18,P017,6,97.55
2024-11-18,P018,2,84.34
2024-11-18,P019,7,98.36
2024-11-18,P020,6,65.92
2024-11-19,P001,11,57.94
2024-11-19,P002,7,67.16
2024-11-19,P003,0,20.82
2024-11-19,P004,4,16.15
2024-11-19,P005,0,84.21
2024-11-19,P006,6,16.68
2024-11-19,P007,7,63.89
2024-11-19,P008,2,15.8
2024-11-19,P009,1,99.01
2024-11-19,P010,1,66.36
2024-11-19,P011,8,35.68
2024-11-19,P012,5,48.63
2024-11-19,P013,7,61.6
2024-11-19,P014,2,69.29
2024-11-19,P015,2,53.95
2024-11-19,P016,2,76.38
2024-11-19,P017,3,88.17
2024-11-19,P018,5,15.82
2024-11-19,P019,3,91.96
2024-11-19,P020,5,51.8
2024-11-20,P001,3,24.83
2024-11-20,P002,2,25.35
2024-11-20,P003,4,80.99
2024-11-20,P004,6,67.56
2024-11-20,P005,2,31.08
2024-11-20,P006,6,80.81
2024-11-20,P007,4,98.55
2024-11-20,P008,0,34.21
2024-11-20,P009,7,10.26
2024-11-20,P010,4,13.58
2024-11-20,P011,7,31.5
2024-11-20,P012,5,52.27
2024-11-20,P013,0,66.03
2024-11-20,P014,0,52.28
2024-11-20,P015,1,63.18
2024-11-20,P016,0,58.33
2024-11-20,P017,5,35.64
2024-11-20,P018,5,51.66
2024-11-20,P019,0,45.71
2024-11-20,P020,4,13.99
2024-11-21,P001,7,35.61
2024-11-21,P002,3,83.64
2024-11-21,P003,8,61.73
2024-11-21,P004,5,12.67
2024-11-21,P005,4,50.55
2024-11-21,P006,5,93.65
2024-11-21,P007,3,75.69
2024-11-21,P008,1,89.4
2024-11-21,P009,1,70.71
2024-11-21,P010,7,36.71
2024-11-21,P011,7,10.19
2024-11-21,P012,6,74.58
2024-11-21,P013,3,69.88
2024-11-21,P014,6,82.03
2024-11-21,P015,2,63.67
2024-11-21,P016,5,59.46
2024-11-21,P017,4,38.9
2024-11-21,P018,7,77.49
2024-11-21,P019,10,68.18
2024-11-21,P020,1,89.92
2024-11-22,P001,5,22.5
2024-11-22,P002,12,20.42
2024-11-22,P003,4,67.41
2024-11-22,P004,4,76.69
2024-11-22,P005,8,99.21
2024-11-22,P006,5,83.8
2024-11-22,P007,5,50.4
2024-11-22,P008,10,17.6
2024-11-22,P009,7,82.72
2024-11-22,P010,4,29.44
2024-11-22,P011,9,16.06
2024-11-22,P012,4,44.87
2024-11-22,P013,4,16.99
2024-11-22,P014,8,58.83
2024-11-22,P015,5,30.37
2024-11-22,P016,8,44.58
2024-11-22,P017,11,78.34
2024-11-22,P018,0,18.9
2024-11-22,P019,4,45.37
2024-11-22,P020,4,57.32
2024-11-23,P001,1,68.12
2024-11-23,P002,5,14.03
2024-11-23,P003,5,44.1
2024-11-23,P004,0,10.6
2024-11-23,P005,8,63.64
2024-11-23,P006,3,19.11
2024-11-23,P007,5,85.76
2024-11-23,P008,8,62.22
2024-11-23,P009,2,25.06
2024-11-23,P010,5,97.48
2024-11-23,P011,1,18.94
2024-11-23,P012,5,28.8
2024-11-23,P013,4,45.59
2024-11-23,P014,7,38.19
2024-11-23,P015,4,21.7
2024-11-23,P016,1,85.19
2024-11-23,P017,0,52.66
2024-11-23,P018,0,49.97
2024-11-23,P019,5,17.94
2024-11-23,P020,5,64.62
2024-11-24,P001,4,57.9
2024-11-24,P002,6,25.15
2024-11-24,P003,6,42.06
2024-11-24,P004,3,84.41
2024-11-24,P005,2,55.67
2024-11-24,P006,6,70.96
2024-11-24,P007,6,59.03
2024-11-24,P008,3,24.87
2024-11-24,P009,5,28.66
2024-11-24,P010,3,80.41
2024-11-24,P011,2,39.32
2024-11-24,P012,8,81.33
2024-11-24,P013,10,23.32
2024-11-24,P014,4,86.73
2024-11-24,P015,6,21.91
2024-11-24,P016,5,63.37
2024-11-24,P017,0,51.26
2024-11-24,P018,8,13.42
2024-11-24,P019,5,15.2
2024-11-24,P020,9,71.27
2024-11-25,P001,3,97.26
2024-11-25,P002,4,95.42
2024-11-25,P003,2,77.92
2024-11-25,P004,5,54.27
2024-11-25,P005,4,57.02
2024-11-25,P006,0,60.64
2024-11-25,P007,11,92.69
2024-11-25,P008,1,42.6
2024-11-25,P009,6,51.04
2024-11-25,P010,5,49.91
2024-11-25,P011,9,82.59
2024-11-25,P012,10,52.88
2024-11-25,P013,1,38.07
2024-11-25,P014,2,33.04
2024-11-25,P015,7,78.63
2024-11-25,P016,2,93.63
2024-11-25,P017,11,68.0
2024-11-25,P018,6,83.78
2024-11-25,P019,8,57.57
2024-11-25,P020,2,81.41
2024-11-26,P001,8,16.21
2024-11-26,P002,0,10.51
2024-11-26,P003,5,73.0
2024-11-26,P004,5,19.4
2024-11-26,P005,9,35.23
2024-11-26,P006,2,71.87
2024-11-26,P007,11,61.93
2024-11-26,P008,7,72.8
2024-11-26,P009,6,20.16
2024-11-26,P010,7,85.79
2024-11-26,P011,4,23.07
2024-11-26,P012,0,73.91
2024-11-26,P013,1,87.71
2024-11-26,P014,6,46.12
2024-11-26,P015,2,33.96
2024-11-26,P016,3,11.98
2024-11-26,P017,8,59.41
2024-11-26,P018,5,29.73
2024-11-26,P019,9,26.91
2024-11-26,P020,3,74.78
2024-11-27,P001,4,83.93
2024-11-27,P002,8,59.92
2024-11-27,P003,6,51.69
2024-11-27,P004,11,31.12
2024-11-27,P005,1,60.7
2024-11-27,P006,1,20.8
2024-11-27,P007,5,46.13
2024-11-27,P008,6,24.28
2024-11-27,P009,2,46.22
2024-11-27,P010,7,19.25
2024-11-27,P011,6,74.35
2024-11-27,P012,3,63.41
2024-11-27,P013,5,52.03
2024-11-27,P014,7,40.63
2024-11-27,P015,5,87.99
2024-11-27,P016,1,61.46
2024-11-27,P017,0,94.27
2024-11-27,P018,1,70.76
2024-11-27,P019,7,85.98
2024-11-27,P020,5,70.83
2024-11-28,P001,3,88.8
2024-11-28,P002,3,26.45
2024-11-28,P003,3,70.85
2024-11-28,P004,3,94.96
2024-11-28,P005,4,67.09
2024-11-28,P006,0,99.95
2024-11-28,P007,4,44.66
2024-11-28,P008,2,87.92
2024-11-28,P009,2,67.1
2024-11-28,P010,4,79.37
2024-11-28,P011,5,47.42
2024-11-28,P012,1,74.77
2024-11-28,P013,7,75.74
2024-11-28,P014,4,68.29
2024-11-28,P015,6,13.23
2024-11-28,P016,7,45.53
2024-11-28,P017,5,52.13
2024-11-28,P018,3,62.13
2024-11-28,P019,8,80.38
2024-11-28,P020,6,58.94
2024-11-29,P001,5,31.77
2024-11-29,P002,3,92.0
2024-11-29,P003,6,95.4
2024-11-29,P004,7,12.83
2024-11-29,P005,2,91.55
2024-11-29,P006,8,34.0
2024-11-29,P007,6,13.75
2024-11-29,P008,6,45.79
2024-11-29,P009,4,34.05
2024-11-29,P010,9,29.78
2024-11-29,P011,2,44.43
2024-11-29,P012,5,43.1
2024-11-29,P013,4,39.89
2024-11-29,P014,1,40.76
2024-11-29,P015,2,67.77
2024-11-29,P016,7,61.36
2024-11-29,P017,10,59.35
2024-11-29,P018,7,89.13
2024-11-29,P019,6,84.68
2024-11-29,P020,10,64.55
2024-11-30,P001,2,23.71
2024-11-30,P002,3,90.95
2024-11-30,P003,5,64.3
2024-11-30,P004,5,52.61
2024-11-30,P005,5,62.4
2024-11-30,P006,3,99.12
2024-11-30,P007,5,68.59
2024-11-30,P008,0,68.01
2024-11-30,P009,9,28.45
2024-11-30,P010,5,75.31
2024-11-30,P011,7,86.25
2024-11-30,P012,5,38.36
2024-11-30,P013,7,24.75
2024-11-30,P014,5,67.85
2024-11-30,P015,8,58.49
2024-11-30,P016,2,15.46
2024-11-30,P017,8,93.75
2024-11-30,P018,8,54.76
2024-11-30,P019,0,78.5
2024-11-30,P020,2,41.88
2024-12-01,P001,6,78.48
2024-12-01,P002,5,59.22
2024-12-01,P003,4,60.48
2024-12-01,P004,1,87.76
2024-12-01,P005,7,70.69
2024-12-01,P006,4,22.33
2024-12-01,P007,5,45.27
2024-12-01,P008,5,69.32
2024-12-01,P009,5,54.84
2024-12-01,P010,2,46.6
2024-12-01,P011,5,29.72
2024-12-01,P012,6,51.31
2024-12-01,P013,2,72.85
2024-12-01,P014,8,45.57
2024-12-01,P015,8,79.58
2024-12-01,P016,4,37.9
2024-12-01,P017,4,80.32
2024-12-01,P018,0,96.42
2024-12-01,P019,6,64.28
2024-12-01,P020,6,85.19
2024-12-02,P001,3,59.68
2024-12-02,P002,8,82.43
2024-12-02,P003,5,82.74
2024-12-02,P004,1,32.84
2024-12-02,P005,3,90.52
2024-12-02,P006,0,10.04
2024-12-02,P007,15,53.34
2024-12-02,P008,0,67.19
2024-12-02,P009,4,34.8
2024-12-02,P010,2,65.98
2024-12-02,P011,0,86.25
2024-12-02,P012,9,91.2
2024-12-02,P013,2,96.07
2024-12-02,P014,7,23.34
2024-12-02,P015,1,48.82
2024-12-02,P016,7,74.72
2024-12-02,P017,0,39.37
2024-12-02,P018,10,85.57
2024-12-02,P019,4,91.34
2024-12-02,P020,1,86.13
2024-12-03,P001,9,84.08
2024-12-03,P002,3,90.0
2024-12-03,P003,0,32.98
2024-12-03,P004,5,36.61
2024-12-03,P005,3,67.24
2024-12-03,P006,5,42.79
2024-12-03,P007,7,51.4
2024-12-03,P008,3,18.55
2024-12-03,P009,7,41.73
2024-12-03,P010,7,84.23
2024-12-03,P011,0,14.09
2024-12-03,P012,8,36.1
2024-12-03,P013,4,59.2
2024-12-03,P014,6,57.88
2024-12-03,P015,3,42.6
2024-12-03,P016,5,75.08
2024-12-03,P017,3,10.91
2024-12-03,P018,3,49.37
2024-12-03,P019,3,75.86
2024-12-03,P020,2,67.66
2024-12-04,P001,9,64.87
2024-12-04,P002,3,90.64
2024-12-04,P003,3,34.43
2024-12-04,P004,7,21.28
2024-12-04,P005,0,78.62
2024-12-04,P006,3,58.82
2024-12-04,P007,3,47.3
2024-12-04,P008,1,77.84
2024-12-04,P009,0,66.56
2024-12-04,P010,5,53.37
2024-12-04,P011,6,66.89
2024-12-04,P012,4,21.69
2024-12-04,P013,9,73.76
2024-12-04,P014,5,25.49
2024-12-04,P015,4,24.31
2024-12-04,P016,6,26.22
2024-12-04,P017,3,12.78
2024-12-04,P018,7,14.67
2024-12-04,P019,3,69.86
2024-12-04,P020,3,24.16
2024-12-05,P001,5,70.39
2024-12-05,P002,3,49.18
2024-12-05,P003,0,53.43
2024-12-05,P004,6,55.6
2024-12-05,P005,7,11.45
2024-12-05,P006,4,80.4
2024-12-05,P007,5,65.43
2024-12-05,P008,4,85.9
2024-12-05,P009,5,55.1
2024-12-05,P010,2,73.56
2024-12-05,P011,11,48.66
2024-12-05,P012,10,37.8
2024-12-05,P013,1,96.54
2024-12-05,P014,4,74.3
2024-12-05,P015,5,70.94
2024-12-05,P016,5,66.25
2024-12-05,P017,7,55.14
2024-12-05,P018,3,16.38
2024-12-05,P019,6,86.56
2024-12-05,P020,4,98.37
2024-12-06,P001,0,24.65
2024-12-06,P002,7,26.82
2024-12-06,P003,4,27.23
2024-12-06,P004,4,47.05
2024-12-06,P005,4,89.02
2024-12-06,P006,7,64.5
2024-12-06,P007,2,17.55
2024-12-06,P008,1,40.01
2024-12-06,P009,3,28.49
2024-12-06,P010,5,44.33
2024-12-06,P011,3,80.29
2024-12-06,P012,6,80.67
2024-12-06,P013,6,92.33
2024-12-06,P014,4,11.03
2024-12-06,P015,6,19.28
2024-12-06,P016,4,59.3
2024-12-06,P017,5,27.08
2024-12-06,P018,6,62.4
2024-12-06,P019,5,16.66
2024-12-06,P020,0,64.49
2024-12-07,P001,10,66.76
2024-12-07,P002,5,59.46
2024-12-07,P003,2,63.58
2024-12-07,P004,6,25.49
2024-12-07,P005,10,51.22
2024-12-07,P006,3,18.29
2024-12-07,P007,11,73.34
2024-12-07,P008,7,43.59
2024-12-07,P009,0,70.49
2024-12-07,P010,11,62.52
2024-12-07,P011,0,10.18
2024-12-07,P012,5,25.67
2024-12-07,P013,4,65.1
2024-12-07,P014,1,29.18
2024-12-07,P015,6,43.62
2024-12-07,P016,8,14.54
2024-12-07,P017,0,94.26
2024-12-07,P018,9,58.78
2024-12-07,P019,7,76.55
2024-12-07,P020,9,29.32
2024-12-08,P001,4,76.85
2024-12-08,P002,11,39.43
2024-12-08,P003,6,83.55
2024-12-08,P004,5,56.15
2024-12-08,P005,5,70.36
2024-12-08,P006,0,73.08
2024-12-08,P007,6,83.65
2024-12-08,P008,1,14.5
2024-12-08,P009,2,29.38
2024-12-08,P010,0,63.74
2024-12-08,P011,0,39.97
2024-12-08,P012,8,89.65
2024-12-08,P013,4,35.5
2024-12-08,P014,0,80.81
2024-12-08,P015,5,32.8
2024-12-08,P016,0,98.89
2024-12-08,P017,7,48.47
2024-12-08,P018,2,28.56
2024-12-08,P019,3,87.87
2024-12-08,P020,8,92.37
2024-12-09,P001,3,88.64
2024-12-09,P002,9,67.42
2024-12-09,P003,4,58.15
2024-12-09,P004,8,22.99
2024-12-09,P005,3,55.01
2024-12-09,P006,9,80.66
2024-12-09,P007,1,63.12
2024-12-09,P008,6,46.69
2024-12-09,P009,3,28.9
2024-12-09,P010,4,35.29
2024-12-09,P011,7,20.07
2024-12-09,P012,4,56.48
2024-12-09,P013,7,84.38
2024-12-09,P014,7,50.16
2024-12-09,P015,4,59.8
2024-12-09,P016,7,32.94
2024-12-09,P017,4,88.54
2024-12-09,P018,5,84.53
2024-12-09,P019,6,80.77
2024-12-09,P020,3,66.9
2024-12-10,P001,0,30.86
2024-12-10,P002,2,38.67
2024-12-10,P003,3,56.94
2024-12-10,P004,8,81.5
2024-12-10,P005,4,51.57
2024-12-10,P006,7,47.31
2024-12-10,P007,0,74.97
2024-12-10,P008,1,44.63
2024-12-10,P009,0,76.66
2024-12-10,P010,3,87.67
2024-12-10,P011,9,36.71
2024-12-10,P012,5,58.72
2024-12-10,P013,2,75.92
2024-12-10,P014,0,89.35
2024-12-10,P015,5,62.39
2024-12-10,P016,2,20.66
2024-12-10,P017,2,25.02
2024-12-10,P018,1,31.94
2024-12-10,P019,2,77.45
2024-12-10,P020,1,61.47
2024-12-11,P001,4,77.85
2024-12-11,P002,5,88.43
2024-12-11,P003,2,77.82
2024-12-11,P004,10,28.33
2024-12-11,P005,6,61.79
2024-12-11,P006,0,11.99
2024-12-11,P007,5,54.61
2024-12-11,P008,5,93.98
2024-12-11,P009,6,56.11
2024-12-11,P010,4,20.29
2024-12-11,P011,7,79.57
2024-12-11,P012,8,95.63
2024-12-11,P013,6,87.16
2024-12-11,P014,9,70.59
2024-12-11,P015,7,29.97
2024-12-11,P016,4,74.32
2024-12-11,P017,6,72.75
2024-12-11,P018,6,77.74
2024-12-11,P019,8,28.31
2024-12-11,P020,4,21.46
2024-12-12,P001,5,55.95
2024-12-12,P002,0,83.85
2024-12-12,P003,3,11.2
2024-12-12,P004,0,46.88
2024-12-12,P005,2,13.78
2024-12-12,P006,2,53.13
2024-12-12,P007,6,86.31
2024-12-12,P008,2,59.1
2024-12-12,P009,4,56.2
2024-12-12,P010,6,99.03
2024-12-12,P011,4,16.3
2024-12-12,P012,3,75.63
2024-12-12,P013,9,43.7
2024-12-12,P014,7,43.25
2024-12-12,P015,4,93.64
2024-12-12,P016,3,44.13
2024-12-12,P017,5,43.59
2024-12-12,P018,5,66.88
2024-12-12,P019,5,48.35
2024-12-12,P020,3,59.32
2024-12-13,P001,0,70.97
2024-12-13,P002,5,78.27
2024-12-13,P003,2,69.62
2024-12-13,P004,9,41.23
2024-12-13,P005,1,33.24
2024-12-13,P006,3,64.49
2024-12-13,P007,9,86.73
2024-12-13,P008,3,58.75
2024-12-13,P009,2,47.35
2024-12-13,P010,8,74.15
2024-12-13,P011,9,26.68
2024-12-13,P012,0,63.98
2024-12-13,P013,7,60.21
2024-12-13,P014,7,62.62
2024-12-13,P015,4,50.57
2024-12-13,P016,1,96.26
2024-12-13,P017,9,57.99
2024-12-13,P018,0,67.31
2024-12-13,P019,2,57.59
2024-12-13,P020,7,84.33
2024-12-14,P001,0,68.92
2024-12-14,P002,4,84.14
2024-12-14,P003,4,98.5
2024-12-14,P004,8,80.8
2024-12-14,P005,7,23.55
2024-12-14,P006,7,29.55
2024-12-14,P007,0,47.37
2024-12-14,P008,4,89.96
2024-12-14,P009,6,87.23
2024-12-14,P010,8,80.54
2024-12-14,P011,0,56.28
2024-12-14,P012,4,76.26
2024-12-14,P013,10,18.49
2024-12-14,P014,2,77.32
2024-12-14,P015,6,97.05
2024-12-14,P016,7,84.4
2024-12-14,P017,6,10.51
2024-12-14,P018,8,51.92
2024-12-14,P019,0,38.63
2024-12-14,P020,6,96.5
2024-12-15,P001,4,17.22
2024-12-15,P002,4,38.1
2024-12-15,P003,5,37.81
2024-12-15,P004,6,21.94
2024-12-15,P005,4,94.46
2024-12-15,P006,5,47.33
2024-12-15,P007,0,16.24
2024-12-15,P008,0,67.45
2024-12-15,P009,7,22.46
2024-12-15,P010,8,62.1
2024-12-15,P011,8,44.12
2024-12-15,P012,5,43.43
2024-12-15,P013,9,52.24
2024-12-15,P014,9,49.88
2024-12-15,P015,8,51.51
2024-12-15,P016,4,94.59
2024-12-15,P017,6,84.95
2024-12-15,P018,5,42.62
2024-12-15,P019,5,14.9
2024-12-15,P020,6,67.98
2024-12-16,P001,9,82.92
2024-12-16,P002,6,47.24
2024-12-16,P003,1,95.39
2024-12-16,P004,11,15.45
2024-12-16,P005,4,50.94
2024-12-16,P006,1,71.71
2024-12-16,P007,5,95.82
2024-12-16,P008,7,89.35
2024-12-16,P009,8,67.83
2024-12-16,P010,5,17.07
2024-12-16,P011,3,63.47
2024-12-16,P012,5,73.24
2024-12-16,P013,5,32.17
2024-12-16,P014,7,72.16
2024-12-16,P015,5,97.86
2024-12-16,P016,12,71.51
2024-12-16,P017,8,89.61
2024-12-16,P018,3,21.27
2024-12-16,P019,3,72.21
2024-12-16,P020,3,64.27
2024-12-17,P001,6,79.83
2024-12-17,P002,5,21.51
2024-12-17,P003,2,45.64
2024-12-17,P004,0,70.24
2024-12-17,P005,4,59.67
2024-12-17,P006,6,81.05
2024-12-17,P007,1,52.75
2024-12-17,P008,4,14.97
2024-12-17,P009,8,98.68
2024-12-17,P010,0,24.94
2024-12-17,P011,3,66.75
2024-12-17,P012,3,29.77
2024-12-17,P013,0,37.22
2024-12-17,P014,1,97.78
2024-12-17,P015,7,24.04
2024-12-17,P016,9,53.06
2024-12-17,P017,2,38.05
2024-12-17,P018,8,10.28
2024-12-17,P019,5,49.76
2024-12-17,P020,4,98.58
2024-12-18,P001,9,35.37
2024-12-18,P002,2,42.74
2024-12-18,P003,3,59.25
2024-12-18,P004,1,99.26
2024-12-18,P005,1,14.05
2024-12-18,P006,6,21.37
2024-12-18,P007,9,94.64
2024-12-18,P008,6,11.42
2024-12-18,P009,0,69.04
2024-12-18,P010,10,60.36
2024-12-18,P011,8,20.53
2024-12-18,P012,8,81.97
2024-12-18,P013,6,47.45
2024-12-18,P014,2,56.25
2024-12-18,P015,5,76.26
2024-12-18,P016,9,56.16
2024-12-18,P017,4,97.32
2024-12-18,P018,8,93.91
2024-12-18,P019,2,21.85
2024-12-18,P020,7,86.92
2024-12-19,P001,5,54.17
2024-12-19,P002,4,46.59
2024-12-19,P003,5,61.9
2024-12-19,P004,7,60.29
2024-12-19,P005,8,32.75
2024-12-19,P006,3,94.5
2024-12-19,P007,4,75.65
2024-12-19,P008,7,61.59
2024-12-19,P009,12,63.0
2024-12-19,P010,11,77.65
2024-12-19,P011,9,14.82
2024-12-19,P012,9,43.89
2024-12-19,P013,2,59.89
2024-12-19,P014,2,27.96
2024-12-19,P015,2,95.37
2024-12-19,P016,2,95.02
2024-12-19,P017,7,80.72
2024-12-19,P018,5,63.1
2024-12-19,P019,7,78.44
2024-12-19,P020,9,56.16
2024-12-20,P001,6,43.82
2024-12-20,P002,5,73.73
2024-12-20,P003,11,78.66
2024-12-20,P004,4,14.09
2024-12-20,P005,1,70.3
2024-12-20,P006,6,52.15
2024-12-20,P007,3,66.37
2024-12-20,P008,5,35.06
2024-12-20,P009,2,40.24
2024-12-20,P010,7,51.91
2024-12-20,P011,5,27.02
2024-12-20,P012,5,93.01
2024-12-20,P013,7,27.99
2024-12-20,P014,9,15.0
2024-12-20,P015,10,28.97
2024-12-20,P016,7,60.08
2024-12-20,P017,5,93.46
2024-12-20,P018,5,42.93
2024-12-20,P019,8,48.8
2024-12-20,P020,2,17.88
2024-12-21,P001,3,36.33
2024-12-21,P002,0,39.9
2024-12-21,P003,8,68.8
2024-12-21,P004,10,27.31
2024-12-21,P005,7,63.97
2024-12-21,P006,0,55.57
2024-12-21,P007,7,40.58
2024-12-21,P008,4,51.01
2024-12-21,P009,6,41.22
2024-12-21,P010,10,49.21
2024-12-21,P011,3,22.8
2024-12-21,P012,7,38.18
2024-12-21,P013,5,98.64
2024-12-21,P014,5,94.51
2024-12-21,P015,0,24.84
2024-12-21,P016,4,31.6
2024-12-21,P017,1,40.73
2024-12-21,P018,7,50.39
2024-12-21,P019,5,34.57
2024-12-21,P020,7,25.95
2024-12-22,P001,3,94.74
2024-12-22,P002,3,80.58
2024-12-22,P003,8,32.45
2024-12-22,P004,4,74.54
2024-12-22,P005,3,78.17
2024-12-22,P006,7,36.56
2024-12-22,P007,3,49.61
2024-12-22,P008,4,75.67
2024-12-22,P009,5,87.68
2024-12-22,P010,6,84.02
2024-12-22,P011,4,20.52
2024-12-22,P012,1,71.39
2024-12-22,P013,7,62.52
2024-12-22,P014,9,45.11
2024-12-22,P015,3,29.61
2024-12-22,P016,4,11.37
2024-12-22,P017,2,88.57
2024-12-22,P018,5,57.08
2024-12-22,P019,2,60.45
2024-12-22,P020,9,94.84
2024-12-23,P001,4,80.2
2024-12-23,P002,4,18.89
2024-12-23,P003,4,18.3
2024-12-23,P004,3,62.66
2024-12-23,P005,5,80.52
2024-12-23,P006,4,72.97
2024-12-23,P007,7,30.08
2024-12-23,P008,5,88.58
2024-12-23,P009,7,60.51
2024-12-23,P010,7,32.16
2024-12-23,P011,9,12.86
2024-12-23,P012,3,80.38
2024-12-23,P013,3,20.41
2024-12-23,P014,3,12.45
2024-12-23,P015,0,99.05
2024-12-23,P016,5,61.7
2024-12-23,P017,6,90.8
2024-12-23,P018,2,77.07
2024-12-23,P019,3,14.66
2024-12-23,P020,6,60.16
2024-12-24,P001,5,42.25
2024-12-24,P002,4,92.16
2024-12-24,P003,1,22.56
2024-12-24,P004,5,61.88
2024-12-24,P005,7,34.82
2024-12-24,P006,7,28.38
2024-12-24,P007,4,64.15
2024-12-24,P008,2,94.34
2024-12-24,P009,1,68.87
2024-12-24,P010,2,65.73
2024-12-24,P011,6,86.04
2024-12-24,P012,4,30.16
2024-12-24,P013,5,79.62
2024-12-24,P014,0,13.96
2024-12-24,P015,8,30.83
2024-12-24,P016,9,71.32
2024-12-24,P017,3,90.93
2024-12-24,P018,0,96.6
2024-12-24,P019,9,57.85
2024-12-24,P020,3,58.4
2024-12-25,P001,2,35.92
2024-12-25,P002,2,60.07
2024-12-25,P003,3,56.64
2024-12-25,P004,3,73.91
2024-12-25,P005,4,97.18
2024-12-25,P006,3,33.61
2024-12-25,P007,7,14.52
2024-12-25,P008,3,51.82
2024-12-25,P009,0,35.71
2024-12-25,P010,2,18.22
2024-12-25,P011,4,80.29
2024-12-25,P012,4,45.84
2024-12-25,P013,7,69.22
2024-12-25,P014,4,10.73
2024-12-25,P015,5,55.04
2024-12-25,P016,3,49.04
2024-12-25,P017,5,34.69
2024-12-25,P018,0,91.14
2024-12-25,P019,6,60.35
2024-12-25,P020,4,84.56
2024-12-26,P001,8,39.19
2024-12-26,P002,8,31.05
2024-12-26,P003,6,83.84
2024-12-26,P004,3,49.65
2024-12-26,P005,4,65.74
2024-12-26,P006,2,50.9
2024-12-26,P007,4,48.79
2024-12-26,P008,0,37.4
2024-12-26,P009,4,54.72
2024-12-26,P010,7,92.52
2024-12-26,P011,3,60.89
2024-12-26,P012,6,49.8
2024-12-26,P013,6,72.14
2024-12-26,P014,7,40.65
2024-12-26,P015,3,16.91
2024-12-26,P016,2,31.15
2024-12-26,P017,1,35.19
2024-12-26,P018,2,34.99
2024-12-26,P019,3,10.87
2024-12-26,P020,0,87.22
2024-12-27,P001,2,32.31
2024-12-27,P002,8,72.79
2024-12-27,P003,7,10.56
2024-12-27,P004,0,15.57
2024-12-27,P005,12,77.63
2024-12-27,P006,8,21.88
2024-12-27,P007,0,18.39
2024-12-27,P008,5,46.94
2024-12-27,P009,3,38.58
2024-12-27,P010,3,33.34
2024-12-27,P011,0,35.18
2024-12-27,P012,7,39.88
2024-12-27,P013,7,78.32
2024-12-27,P014,6,75.48
2024-12-27,P015,10,59.75
2024-12-27,P016,4,29.46
2024-12-27,P017,2,91.97
2024-12-27,P018,2,59.27
2024-12-27,P019,2,46.69
2024-12-27,P020,8,21.3
2024-12-28,P001,6,62.64
2024-12-28,P002,3,40.38
2024-12-28,P003,3,97.84
2024-12-28,P004,7,41.03
2024-12-28,P005,1,20.99
2024-12-28,P006,1,20.0
2024-12-28,P007,7,81.15
2024-12-28,P008,6,22.7
2024-12-28,P009,2,14.08
2024-12-28,P010,5,69.07
2024-12-28,P011,2,13.14
2024-12-28,P012,5,99.08
2024-12-28,P013,4,55.42
2024-12-28,P014,3,20.56
2024-12-28,P015,3,78.55
2024-12-28,P016,1,55.64
2024-12-28,P017,3,50.18
2024-12-28,P018,9,65.69
2024-12-28,P019,5,68.04
2024-12-28,P020,11,12.12
2024-12-29,P001,0,21.63
2024-12-29,P002,3,18.96
2024-12-29,P003,6,32.82
2024-12-29,P004,12,52.39
2024-12-29,P005,0,68.69
2024-12-29,P006,4,80.28
2024-12-29,P007,6,56.05
2024-12-29,P008,8,15.49
2024-12-29,P009,3,96.74
2024-12-29,P010,4,22.16
2024-12-29,P011,1,11.65
2024-12-29,P012,3,51.77
2024-12-29,P013,4,69.5
2024-12-29,P014,6,68.7
2024-12-29,P015,7,29.11
2024-12-29,P016,1,20.98
2024-12-29,P017,3,99.72
2024-12-29,P018,6,26.51
2024-12-29,P019,0,21.37
2024-12-29,P020,10,12.51
2024-12-30,P001,8,85.78
2024-12-30,P002,6,53.44
2024-12-30,P003,7,75.18
2024-12-30,P004,8,54.33
2024-12-30,P005,8,45.81
2024-12-30,P006,6,82.54
2024-12-30,P007,1,12.22
2024-12-30,P008,5,42.65
2024-12-30,P009,8,21.47
2024-12-30,P010,5,82.02
2024-12-30,P011,7,99.5
2024-12-30,P012,7,64.49
2024-12-30,P013,7,65.3
2024-12-30,P014,3,62.31
2024-12-30,P015,7,17.35
2024-12-30,P016,2,93.19
2024-12-30,P017,2,49.81
2024-12-30,P018,3,13.82
2024-12-30,P019,6,85.35
2024-12-30,P020,5,21.46
2024-12-31,P001,5,93.18
2024-12-31,P002,4,51.46
2024-12-31,P003,0,90.48
2024-12-31,P004,4,68.04
2024-12-31,P005,1,90.21
2024-12-31,P006,1,11.23
2024-12-31,P007,6,23.34
2024-12-31,P008,0,18.29
2024-12-31,P009,8,44.56
2024-12-31,P010,5,69.96
2024-12-31,P011,3,22.42
2024-12-31,P012,0,17.29
2024-12-31,P013,2,15.92
2024-12-31,P014,4,90.22
2024-12-31,P015,0,52.88
2024-12-31,P016,3,38.65
2024-12-31,P017,8,63.31
2024-12-31,P018,4,72.52
2024-12-31,P019,9,70.0
2024-12-31,P020,2,20.76
2025-01-01,P001,0,82.37
2025-01-01,P002,6,48.33
2025-01-01,P003,7,79.07
2025-01-01,P004,8,37.68
2025-01-01,P005,9,30.93
2025-01-01,P006,4,30.34
2025-01-01,P007,8,35.4
2025-01-01,P008,13,36.83
2025-01-01,P009,7,68.67
2025-01-01,P010,2,84.92
2025-01-01,P011,4,16.0
2025-01-01,P012,6,14.33
2025-01-01,P013,6,57.09
2025-01-01,P014,4,34.46
2025-01-01,P015,9,68.77
2025-01-01,P016,0,23.85
2025-01-01,P017,5,22.21
2025-01-01,P018,6,90.43
2025-01-01,P019,2,94.74
2025-01-01,P020,8,57.67
2025-01-02,P001,5,97.77
2025-01-02,P002,5,84.99
2025-01-02,P003,6,70.85
2025-01-02,P004,5,37.65
2025-01-02,P005,7,81.1
2025-01-02,P006,0,38.62
2025-01-02,P007,0,83.42
2025-01-02,P008,7,52.01
2025-01-02,P009,4,19.57
2025-01-02,P010,2,20.27
2025-01-02,P011,5,10.02
2025-01-02,P012,4,65.26
2025-01-02,P013,2,45.73
2025-01-02,P014,11,50.98
2025-01-02,P015,9,22.18
2025-01-02,P016,3,27.79
2025-01-02,P017,3,57.27
2025-01-02,P018,2,20.01
2025-01-02,P019,3,24.63
2025-01-02,P020,7,70.81
2025-01-03,P001,5,72.84
2025-01-03,P002,3,29.34
2025-01-03,P003,4,18.87
2025-01-03,P004,3,20.48
2025-01-03,P005,2,57.7
2025-01-03,P006,1,71.06
2025-01-03,P007,1,25.49
2025-01-03,P008,5,89.09
2025-01-03,P009,8,43.44
2025-01-03,P010,5,65.3
2025-01-03,P011,0,52.29
2025-01-03,P012,5,55.22
2025-01-03,P013,3,81.23
2025-01-03,P014,1,92.42
2025-01-03,P015,0,27.57
2025-01-03,P016,1,71.06
2025-01-03,P017,2,64.3
2025-01-03,P018,0,82.15
2025-01-03,P019,0,99.61
2025-01-03,P020,2,10.94
2025-01-04,P001,6,40.77
2025-01-04,P002,8,88.65
2025-01-04,P003,0,64.93
2025-01-04,P004,7,12.17
2025-01-04,P005,4,77.69
2025-01-04,P006,0,91.5
2025-01-04,P007,3,49.7
2025-01-04,P008,6,27.95
2025-01-04,P009,5,16.13
2025-01-04,P010,0,29.64
2025-01-04,P011,4,50.08
2025-01-04,P012,7,11.31
2025-01-04,P013,6,24.82
2025-01-04,P014,3,47.36
2025-01-04,P015,4,11.89
2025-01-04,P016,3,83.76
2025-01-04,P017,6,35.5
2025-01-04,P018,6,85.35
2025-01-04,P019,0,66.28
2025-01-04,P020,7,11.11
2025-01-05,P001,6,31.97
2025-01-05,P002,3,63.82
2025-01-05,P003,8,95.72
2025-01-05,P004,3,89.52
2025-01-05,P005,2,52.7
2025-01-05,P006,3,10.66
2025-01-05,P007,5,56.84
2025-01-05,P008,3,99.51
2025-01-05,P009,3,20.22
2025-01-05,P010,2,92.58
2025-01-05,P011,6,91.25
2025-01-05,P012,6,57.24
2025-01-05,P013,0,63.03
2025-01-05,P014,3,50.89
2025-01-05,P015,7,98.56
2025-01-05,P016,4,81.68
2025-01-05,P017,7,24.95
2025-01-05,P018,8,15.32
2025-01-05,P019,8,14.23
2025-01-05,P020,7,93.52
2025-01-06,P001,4,70.52
2025-01-06,P002,3,25.29
2025-01-06,P003,4,78.94
2025-01-06,P004,3,47.23
2025-01-06,P005,7,12.0
2025-01-06,P006,10,98.97
2025-01-06,P007,6,20.33
2025-01-06,P008,5,54.14
2025-01-06,P009,1,62.89
2025-01-06,P010,6,20.11
2025-01-06,P011,8,49.33
2025-01-06,P012,3,66.5
2025-01-06,P013,7,39.24
2025-01-06,P014,6,71.86
2025-01-06,P015,11,76.57
2025-01-06,P016,4,65.1
2025-01-06,P017,3,75.84
2025-01-06,P018,7,43.49
2025-01-06,P019,2,26.31
2025-01-06,P020,5,96.15
2025-01-07,P001,5,51.37
2025-01-07,P002,7,70.82
2025-01-07,P003,8,15.33
2025-01-07,P004,10,66.95
2025-01-07,P005,0,21.48
2025-01-07,P006,10,46.82
2025-01-07,P007,0,75.78
2025-01-07,P008,1,73.07
2025-01-07,P009,6,41.49
2025-01-07,P010,5,31.94
2025-01-07,P011,1,38.35
2025-01-07,P012,6,30.21
2025-01-07,P013,4,13.9
2025-01-07,P014,0,72.94
2025-01-07,P015,8,47.12
2025-01-07,P016,2,27.62
2025-01-07,P017,1,49.65
2025-01-07,P018,5,38.56
2025-01-07,P019,2,38.71
2025-01-07,P020,6,47.4
2025-01-08,P001,4,18.22
2025-01-08,P002,5,38.68
2025-01-08,P003,2,12.78
2025-01-08,P004,5,74.3
2025-01-08,P005,2,32.83
2025-01-08,P006,4,67.79
2025-01-08,P007,4,20.95
2025-01-08,P008,0,62.93
2025-01-08,P009,8,82.76
2025-01-08,P010,0,65.05
2025-01-08,P011,1,39.47
2025-01-08,P012,2,24.82
2025-01-08,P013,6,44.63
2025-01-08,P014,3,49.24
2025-01-08,P015,9,16.06
2025-01-08,P016,10,84.84
2025-01-08,P017,6,79.54
2025-01-08,P018,2,74.34
2025-01-08,P019,4,42.43
2025-01-08,P020,5,64.44
2025-01-09,P001,7,37.79
2025-01-09,P002,4,36.42
2025-01-09,P003,2,60.17
2025-01-09,P004,1,73.63
2025-01-09,P005,8,89.73
2025-01-09,P006,6,83.45
2025-01-09,P007,3,67.46
2025-01-09,P008,4,38.78
2025-01-09,P009,0,92.06
2025-01-09,P010,1,13.63
2025-01-09,P011,11,93.85
2025-01-09,P012,5,65.83
2025-01-09,P013,0,89.77
2025-01-09,P014,0,23.62
2025-01-09,P015,3,14.9
2025-01-09,P016,2,26.42
2025-01-09,P017,4,66.88
2025-01-09,P018,6,75.35
2025-01-09,P019,2,28.59
2025-01-09,P020,3,38.19
2025-01-10,P001,1,10.61
2025-01-10,P002,9,57.11
2025-01-10,P003,6,39.14
2025-01-10,P004,6,78.87
2025-01-10,P005,6,67.74
2025-01-10,P006,2,12.3
2025-01-10,P007,5,34.07
2025-01-10,P008,5,83.12
2025-01-10,P009,5,53.71
2025-01-10,P010,2,59.13
2025-01-10,P011,2,92.06
2025-01-10,P012,7,18.78
2025-01-10,P013,3,14.84
2025-01-10,P014,7,70.24
2025-01-10,P015,2,37.54
2025-01-10,P016,2,15.73
2025-01-10,P017,2,71.44
2025-01-10,P018,4,31.21
2025-01-10,P019,7,82.29
2025-01-10,P020,2,98.79
2025-01-11,P001,2,68.22
2025-01-11,P002,5,66.25
2025-01-11,P003,0,87.37
2025-01-11,P004,8,96.35
2025-01-11,P005,4,27.51
2025-01-11,P006,4,83.85
2025-01-11,P007,8,46.16
2025-01-11,P008,9,62.0
2025-01-11,P009,4,81.38
2025-01-11,P010,0,98.31
2025-01-11,P011,2,73.51
2025-01-11,P012,0,93.0
2025-01-11,P013,3,22.53
2025-01-11,P014,2,65.08
2025-01-11,P015,1,16.38
2025-01-11,P016,1,41.48
2025-01-11,P017,3,72.57
2025-01-11,P018,6,66.67
2025-01-11,P019,5,99.59
2025-01-11,P020,6,92.04
2025-01-12,P001,5,25.44
2025-01-12,P002,0,25.07
2025-01-12,P003,3,20.97
2025-01-12,P004,4,47.43
2025-01-12,P005,4,52.66
2025-01-12,P006,3,50.61
2025-01-12,P007,5,52.12
2025-01-12,P008,8,46.96
2025-01-12,P009,6,22.36
2025-01-12,P010,7,34.92
2025-01-12,P011,8,38.04
2025-01-12,P012,7,86.11
2025-01-12,P013,8,53.08
2025-01-12,P014,0,87.59
2025-01-12,P015,5,56.17
2025-01-12,P016,2,35.33
2025-01-12,P017,6,75.96
2025-01-12,P018,7,88.86
2025-01-12,P019,2,73.5
2025-01-12,P020,7,37.69
2025-01-13,P001,4,76.96
2025-01-13,P002,4,73.99
2025-01-13,P003,7,92.61
2025-01-13,P004,2,19.72
2025-01-13,P005,7,34.71
2025-01-13,P006,2,66.22
2025-01-13,P007,4,76.52
2025-01-13,P008,2,71.79
2025-01-13,P009,5,79.59
2025-01-13,P010,5,70.44
2025-01-13,P011,5,13.39
2025-01-13,P012,3,82.73
2025-01-13,P013,6,35.15
2025-01-13,P014,0,80.43
2025-01-13,P015,4,87.66
2025-01-13,P016,7,34.04
2025-01-13,P017,8,39.33
2025-01-13,P018,5,95.86
2025-01-13,P019,5,26.64
2025-01-13,P020,1,48.53
2025-01-14,P001,2,97.97
2025-01-14,P002,0,82.71
2025-01-14,P003,5,85.6
2025-01-14,P004,10,40.54
2025-01-14,P005,8,85.99
2025-01-14,P006,1,92.42
2025-01-14,P007,2,39.37
2025-01-14,P008,7,11.87
2025-01-14,P009,4,76.41
2025-01-14,P010,1,22.51
2025-01-14,P011,2,29.11
2025-01-14,P012,0,20.4
2025-01-14,P013,5,11.29
2025-01-14,P014,8,82.27
2025-01-14,P015,5,55.33
2025-01-14,P016,5,89.06
2025-01-14,P017,11,73.08
2025-01-14,P018,1,27.48
2025-01-14,P019,8,68.93
2025-01-14,P020,4,47.01
2025-01-15,P001,2,46.13
2025-01-15,P002,6,81.38
2025-01-15,P003,3,95.57
2025-01-15,P004,3,28.89
2025-01-15,P005,7,86.76
2025-01-15,P006,8,20.42
2025-01-15,P007,5,84.62
2025-01-15,P008,10,55.73
2025-01-15,P009,3,53.03
2025-01-15,P010,12,79.12
2025-01-15,P011,9,50.53
2025-01-15,P012,9,57.8
2025-01-15,P013,7,72.69
2025-01-15,P014,6,93.17
2025-01-15,P015,5,70.43
2025-01-15,P016,8,93.37
2025-01-15,P017,8,71.99
2025-01-15,P018,6,59.67
2025-01-15,P019,3,97.1
2025-01-15,P020,0,69.2
2025-01-16,P001,7,62.79
2025-01-16,P002,5,57.35
2025-01-16,P003,7,27.38
2025-01-16,P004,7,52.42
2025-01-16,P005,0,56.56
2025-01-16,P006,3,47.18
2025-01-16,P007,3,16.5
2025-01-16,P008,1,61.82
2025-01-16,P009,6,42.44
2025-01-16,P010,7,17.84
2025-01-16,P011,5,28.64
2025-01-16,P012,0,58.96
2025-01-16,P013,6,45.75
2025-01-16,P014,3,32.1
2025-01-16,P015,3,20.03
2025-01-16,P016,8,61.34
2025-01-16,P017,9,31.62
2025-01-16,P018,6,49.94
2025-01-16,P019,3,88.9
2025-01-16,P020,4,75.6
2025-01-17,P001,7,28.11
2025-01-17,P002,0,90.12
2025-01-17,P003,13,62.11
2025-01-17,P004,5,14.91
2025-01-17,P005,4,29.49
2025-01-17,P006,0,88.54
2025-01-17,P007,4,72.23
2025-01-17,P008,2,33.56
2025-01-17,P009,8,27.13
2025-01-17,P010,6,92.55
2025-01-17,P011,0,48.78
2025-01-17,P012,6,38.1
2025-01-17,P013,7,84.96
2025-01-17,P014,6,98.72
2025-01-17,P015,6,40.53
2025-01-17,P016,8,59.01
2025-01-17,P017,3,15.63
2025-01-17,P018,4,44.87
2025-01-17,P019,1,65.73
2025-01-17,P020,12,53.23
2025-01-18,P001,1,20.16
2025-01-18,P002,6,63.68
2025-01-18,P003,3,44.24
2025-01-18,P004,4,19.55
2025-01-18,P005,0,65.18
2025-01-18,P006,7,82.5
2025-01-18,P007,11,71.26
2025-01-18,P008,7,70.01
2025-01-18,P009,0,14.84
2025-01-18,P010,6,11.99
2025-01-18,P011,0,44.89
2025-01-18,P012,1,22.45
2025-01-18,P013,6,94.48
2025-01-18,P014,6,54.31
2025-01-18,P015,7,47.65
2025-01-18,P016,6,37.85
2025-01-18,P017,5,54.75
2025-01-18,P018,7,26.06
2025-01-18,P019,0,27.26
2025-01-18,P020,8,59.99
2025-01-19,P001,0,86.63
2025-01-19,P002,6,17.58
2025-01-19,P003,9,34.67
2025-01-19,P004,1,84.49
2025-01-19,P005,7,20.72
2025-01-19,P006,7,22.65
2025-01-19,P007,5,77.32
2025-01-19,P008,0,85.29
2025-01-19,P009,6,76.49
2025-01-19,P010,5,37.56
2025-01-19,P011,7,27.36
2025-01-19,P012,1,18.34
2025-01-19,P013,8,19.12
2025-01-19,P014,5,81.27
2025-01-19,P015,4,15.16
2025-01-19,P016,9,25.71
2025-01-19,P017,8,90.85
2025-01-19,P018,8,62.44
2025-01-19,P019,2,39.55
2025-01-19,P020,6,53.85
2025-01-20,P001,0,22.27
2025-01-20,P002,3,75.52
2025-01-20,P003,3,79.7
2025-01-20,P004,7,44.7
2025-01-20,P005,8,77.5
2025-01-20,P006,5,82.46
2025-01-20,P007,4,35.91
2025-01-20,P008,7,75.22
2025-01-20,P009,5,38.44
2025-01-20,P010,5,86.7
2025-01-20,P011,3,39.21
2025-01-20,P012,5,70.55
2025-01-20,P013,1,35.32
2025-01-20,P014,3,51.18
2025-01-20,P015,9,77.51
2025-01-20,P016,4,51.11
2025-01-20,P017,7,44.02
2025-01-20,P018,3,98.31
2025-01-20,P019,9,46.21
2025-01-20,P020,4,48.25
2025-01-21,P001,9,59.28
2025-01-21,P002,2,94.94
2025-01-21,P003,3,45.39
2025-01-21,P004,4,65.5
2025-01-21,P005,3,68.84
2025-01-21,P006,7,41.52
2025-01-21,P007,7,30.82
2025-01-21,P008,5,46.38
2025-01-21,P009,7,35.61
2025-01-21,P010,13,56.55
2025-01-21,P011,6,36.1
2025-01-21,P012,7,28.13
2025-01-21,P013,2,18.61
2025-01-21,P014,3,47.72
2025-01-21,P015,1,15.75
2025-01-21,P016,5,38.56
2025-01-21,P017,5,19.21
2025-01-21,P018,0,77.66
2025-01-21,P019,5,57.95
2025-01-21,P020,6,87.46
2025-01-22,P001,8,41.13
2025-01-22,P002,4,13.17
2025-01-22,P003,7,24.45
2025-01-22,P004,6,58.36
2025-01-22,P005,6,34.44
2025-01-22,P006,2,38.46
2025-01-22,P007,4,70.28
2025-01-22,P008,8,46.21
2025-01-22,P009,7,23.94
2025-01-22,P010,0,43.57
2025-01-22,P011,6,94.98
2025-01-22,P012,2,99.6
2025-01-22,P013,0,49.85
2025-01-22,P014,4,86.25
2025-01-22,P015,6,38.61
2025-01-22,P016,6,10.79
2025-01-22,P017,0,13.37
2025-01-22,P018,2,55.48
2025-01-22,P019,10,65.91
2025-01-22,P020,1,20.87
2025-01-23,P001,3,83.18
2025-01-23,P002,0,18.93
2025-01-23,P003,10,29.36
2025-01-23,P004,1,66.47
2025-01-23,P005,2,31.8
2025-01-23,P006,0,28.31
2025-01-23,P007,4,46.46
2025-01-23,P008,3,31.51
2025-01-23,P009,9,86.55
2025-01-23,P010,8,76.68
2025-01-23,P011,11,34.66
2025-01-23,P012,6,63.38
2025-01-23,P013,1,31.83
2025-01-23,P014,4,36.25
2025-01-23,P015,2,69.74
2025-01-23,P016,0,20.64
2025-01-23,P017,10,11.5
2025-01-23,P018,7,40.51
2025-01-23,P019,6,33.08
2025-01-23,P020,0,94.06
2025-01-24,P001,5,55.72
2025-01-24,P002,3,77.53
2025-01-24,P003,5,87.12
2025-01-24,P004,0,52.02
2025-01-24,P005,6,74.56
2025-01-24,P006,0,49.92
2025-01-24,P007,4,52.79
2025-01-24,P008,5,78.12
2025-01-24,P009,7,99.71
2025-01-24,P010,6,48.42
2025-01-24,P011,6,29.86
2025-01-24,P012,6,24.26
2025-01-24,P013,2,55.25
2025-01-24,P014,0,85.55
2025-01-24,P015,8,25.81
2025-01-24,P016,9,56.19
2025-01-24,P017,4,83.85
2025-01-24,P018,2,10.64
2025-01-24,P019,0,14.72
2025-01-24,P020,3,50.52
2025-01-25,P001,2,73.51
2025-01-25,P002,1,56.94
2025-01-25,P003,8,17.13
2025-01-25,P004,6,14.24
2025-01-25,P005,7,51.14
2025-01-25,P006,4,36.12
2025-01-25,P007,2,64.86
2025-01-25,P008,5,61.16
2025-01-25,P009,5,91.8
2025-01-25,P010,0,80.67
2025-01-25,P011,7,15.15
2025-01-25,P012,4,93.79
2025-01-25,P013,5,90.14
2025-01-25,P014,3,33.64
2025-01-25,P015,0,95.69
2025-01-25,P016,4,84.13
2025-01-25,P017,7,83.85
2025-01-25,P018,9,45.3
2025-01-25,P019,10,42.2
2025-01-25,P020,3,15.75
2025-01-26,P001,4,74.16
2025-01-26,P002,8,45.36
2025-01-26,P003,2,81.48
2025-01-26,P004,1,66.27
2025-01-26,P005,5,61.32
2025-01-26,P006,6,64.92
2025-01-26,P007,5,71.95
2025-01-26,P008,3,77.38
2025-01-26,P009,6,96.03
2025-01-26,P010,4,31.3
2025-01-26,P011,4,19.34
2025-01-26,P012,4,36.59
2025-01-26,P013,5,22.0
2025-01-26,P014,3,86.67
2025-01-26,P015,5,81.7
2025-01-26,P016,0,40.42
2025-01-26,P017,2,77.55
2025-01-26,P018,6,31.24
2025-01-26,P019,4,26.39
2025-01-26,P020,3,56.16
2025-01-27,P001,7,88.53
2025-01-27,P002,8,31.97
2025-01-27,P003,7,69.4
2025-01-27,P004,4,44.99
2025-01-27,P005,3,62.31
2025-01-27,P006,3,74.64
2025-01-27,P007,5,59.53
2025-01-27,P008,2,56.26
2025-01-27,P009,7,39.07
2025-01-27,P010,6,90.01
2025-01-27,P011,3,34.01
2025-01-27,P012,3,20.76
2025-01-27,P013,3,83.96
2025-01-27,P014,4,22.51
2025-01-27,P015,5,10.61
2025-01-27,P016,5,78.75
2025-01-27,P017,9,57.02
2025-01-27,P018,5,67.69
2025-01-27,P019,3,10.24
2025-01-27,P020,9,86.5
2025-01-28,P001,4,10.7
2025-01-28,P002,0,54.29
2025-01-28,P003,9,83.33
2025-01-28,P004,2,47.57
2025-01-28,P005,6,70.94
2025-01-28,P006,4,20.71
2025-01-28,P007,4,29.81
2025-01-28,P008,2,32.86
2025-01-28,P009,2,78.43
2025-01-28,P010,7,75.02
2025-01-28,P011,5,22.54
2025-01-28,P012,4,87.96
2025-01-28,P013,4,50.0
2025-01-28,P014,8,37.3
2025-01-28,P015,2,34.1
2025-01-28,P016,9,48.9
2025-01-28,P017,5,11.13
2025-01-28,P018,3,68.0
2025-01-28,P019,3,67.21
2025-01-28,P020,3,99.36
2025-01-29,P001,2,25.84
2025-01-29,P002,7,87.96
2025-01-29,P003,1,87.6
2025-01-29,P004,4,83.45
2025-01-29,P005,5,57.83
2025-01-29,P006,2,51.22
2025-01-29,P007,1,61.24
2025-01-29,P008,0,10.19
2025-01-29,P009,5,75.0
2025-01-29,P010,0,25.67
2025-01-29,P011,10,50.02
2025-01-29,P012,6,12.44
2025-01-29,P013,0,93.67
2025-01-29,P014,3,21.22
2025-01-29,P015,3,50.16
2025-01-29,P016,5,59.86
2025-01-29,P017,3,24.72
2025-01-29,P018,0,37.37
2025-01-29,P019,0,90.98
2025-01-29,P020,7,66.56
2025-01-30,P001,3,54.96
2025-01-30,P002,4,78.83
2025-01-30,P003,7,32.66
2025-01-30,P004,3,84.14
2025-01-30,P005,0,33.86
2025-01-30,P006,4,48.88
2025-01-30,P007,5,53.97
2025-01-30,P008,2,57.18
2025-01-30,P009,1,91.96
2025-01-30,P010,7,49.21
2025-01-30,P011,6,67.88
2025-01-30,P012,3,38.42
2025-01-30,P013,1,50.04
2025-01-30,P014,6,90.95
2025-01-30,P015,4,83.9
2025-01-30,P016,2,97.25
2025-01-30,P017,6,61.5
2025-01-30,P018,0,93.91
2025-01-30,P019,4,49.31
2025-01-30,P020,5,51.76
2025-01-31,P001,6,68.88
2025-01-31,P002,8,99.84
2025-01-31,P003,0,11.95
2025-01-31,P004,1,18.26
2025-01-31,P005,7,56.28
2025-01-31,P006,6,58.53
2025-01-31,P007,7,77.66
2025-01-31,P008,2,62.95
2025-01-31,P009,4,15.78
2025-01-31,P010,4,63.34
2025-01-31,P011,5,51.73
2025-01-31,P012,5,80.58
2025-01-31,P013,7,40.44
2025-01-31,P014,4,92.25
2025-01-31,P015,6,72.96
2025-01-31,P016,7,37.62
2025-01-31,P017,4,70.02
2025-01-31,P018,3,19.23
2025-01-31,P019,4,88.24
2025-01-31,P020,6,76.31
2025-02-01,P001,13,22.35
2025-02-01,P002,5,94.39
2025-02-01,P003,2,70.45
2025-02-01,P004,0,40.05
2025-02-01,P005,7,12.25
2025-02-01,P006,0,74.87
2025-02-01,P007,12,66.87
2025-02-01,P008,5,57.43
2025-02-01,P009,10,77.78
2025-02-01,P010,7,75.47
2025-02-01,P011,4,46.1
2025-02-01,P012,5,95.3
2025-02-01,P013,2,57.29
2025-02-01,P014,4,19.85
2025-02-01,P015,0,99.53
2025-02-01,P016,6,96.99
2025-02-01,P017,0,85.46
2025-02-01,P018,3,74.41
2025-02-01,P019,7,72.05
2025-02-01,P020,5,35.54
2025-02-02,P001,1,78.33
2025-02-02,P002,8,65.78
2025-02-02,P003,5,40.9
2025-02-02,P004,2,39.57
2025-02-02,P005,0,79.92
2025-02-02,P006,7,16.37
2025-02-02,P007,8,70.55
2025-02-02,P008,6,54.75
2025-02-02,P009,4,11.73
2025-02-02,P010,5,48.88
2025-02-02,P011,6,79.71
2025-02-02,P012,3,29.6
2025-02-02,P013,3,53.52
2025-02-02,P014,5,11.32
2025-02-02,P015,2,77.83
2025-02-02,P016,3,32.8
2025-02-02,P017,5,41.57
2025-02-02,P018,7,84.94
2025-02-02,P019,7,93.52
2025-02-02,P020,4,24.89
2025-02-03,P001,4,33.31
2025-02-03,P002,8,89.09
2025-02-03,P003,6,30.08
2025-02-03,P004,1,59.11
2025-02-03,P005,2,56.88
2025-02-03,P006,6,52.22
2025-02-03,P007,7,56.33
2025-02-03,P008,0,56.19
2025-02-03,P009,4,50.71
2025-02-03,P010,2,76.03
2025-02-03,P011,5,17.81
2025-02-03,P012,8,31.32
2025-02-03,P013,1,29.65
2025-02-03,P014,3,14.92
2025-02-03,P015,4,55.95
2025-02-03,P016,1,22.65
2025-02-03,P017,0,26.51
2025-02-03,P018,2,10.62
2025-02-03,P019,10,30.36
2025-02-03,P020,3,21.86
2025-02-04,P001,3,30.13
2025-02-04,P002,6,87.14
2025-02-04,P003,4,54.03
2025-02-04,P004,8,29.6
2025-02-04,P005,5,18.85
2025-02-04,P006,2,50.43
2025-02-04,P007,6,52.67
2025-02-04,P008,0,88.81
2025-02-04,P009,3,38.41
2025-02-04,P010,1,81.22
2025-02-04,P011,1,51.2
2025-02-04,P012,8,18.6
2025-02-04,P013,7,25.96
2025-02-04,P014,5,10.63
2025-02-04,P015,10,31.31
2025-02-04,P016,2,17.56
2025-02-04,P017,6,98.96
2025-02-04,P018,8,40.99
2025-02-04,P019,5,56.96
2025-02-04,P020,4,29.19
2025-02-05,P001,3,33.46
2025-02-05,P002,6,18.33
2025-02-05,P003,0,56.31
2025-02-05,P004,0,73.81
2025-02-05,P005,6,75.47
2025-02-05,P006,2,80.79
2025-02-05,P007,2,53.48
2025-02-05,P008,1,15.69
2025-02-05,P009,5,42.47
2025-02-05,P010,5,77.76
2025-02-05,P011,1,62.4
2025-02-05,P012,5,36.99
2025-02-05,P013,5,87.3
2025-02-05,P014,3,41.03
2025-02-05,P015,7,83.22
2025-02-05,P016,4,74.35
2025-02-05,P017,6,23.9
2025-02-05,P018,4,66.41
2025-02-05,P019,5,34.94
2025-02-05,P020,4,50.47
2025-02-06,P001,1,65.98
2025-02-06,P002,3,89.38
2025-02-06,P003,7,40.9
2025-02-06,P004,8,11.72
2025-02-06,P005,5,66.89
2025-02-06,P006,5,49.18
2025-02-06,P007,0,77.55
2025-02-06,P008,5,77.18
2025-02-06,P009,1,41.65
2025-02-06,P010,3,49.62
2025-02-06,P011,5,63.79
2025-02-06,P012,2,76.5
2025-02-06,P013,5,14.76
2025-02-06,P014,3,73.1
2025-02-06,P015,5,49.74
2025-02-06,P016,10,21.76
2025-02-06,P017,7,91.4
2025-02-06,P018,3,10.07
2025-02-06,P019,9,65.69
2025-02-06,P020,7,17.35
2025-02-07,P001,2,84.86
2025-02-07,P002,2,51.69
2025-02-07,P003,7,67.34
2025-02-07,P004,4,90.88
2025-02-07,P005,1,93.69
2025-02-07,P006,4,51.28
2025-02-07,P007,3,14.57
2025-02-07,P008,2,52.15
2025-02-07,P009,4,86.96
2025-02-07,P010,4,42.29
2025-02-07,P011,9,48.69
2025-02-07,P012,7,37.58
2025-02-07,P013,4,97.56
2025-02-07,P014,0,10.44
2025-02-07,P015,2,55.82
2025-02-07,P016,4,12.22
2025-02-07,P017,0,58.0
2025-02-07,P018,3,99.64
2025-02-07,P019,6,67.17
2025-02-07,P020,6,13.74
2025-02-08,P001,2,73.22
2025-02-08,P002,4,36.95
2025-02-08,P003,4,98.22
2025-02-08,P004,8,68.51
2025-02-08,P005,5,90.91
2025-02-08,P006,2,66.14
2025-02-08,P007,4,56.82
2025-02-08,P008,5,13.34
2025-02-08,P009,5,72.03
2025-02-08,P010,3,40.73
2025-02-08,P011,6,29.54
2025-02-08,P012,3,58.78
2025-02-08,P013,0,96.84
2025-02-08,P014,8,34.62
2025-02-08,P015,5,58.28
2025-02-08,P016,4,55.24
2025-02-08,P017,7,11.29
2025-02-08,P018,1,14.46
2025-02-08,P019,0,95.8
2025-02-08,P020,8,91.29
2025-02-09,P001,7,70.06
2025-02-09,P002,6,21.3
2025-02-09,P003,2,39.11
2025-02-09,P004,6,83.73
2025-02-09,P005,8,29.17
2025-02-09,P006,5,64.7
2025-02-09,P007,5,78.63
2025-02-09,P008,2,62.64
2025-02-09,P009,5,94.1
2025-02-09,P010,2,28.59
2025-02-09,P011,6,56.88
2025-02-09,P012,6,70.23
2025-02-09,P013,3,36.72
2025-02-09,P014,7,10.06
2025-02-09,P015,4,50.28
2025-02-09,P016,5,19.17
2025-02-09,P017,5,96.47
2025-02-09,P018,4,91.26
2025-02-09,P019,3,34.67
2025-02-09,P020,5,38.81
2025-02-10,P001,7,44.66
2025-02-10,P002,6,47.61
2025-02-10,P003,1,50.79
2025-02-10,P004,4,86.79
2025-02-10,P005,2,27.25
2025-02-10,P006,5,52.71
2025-02-10,P007,0,57.63
2025-02-10,P008,0,62.6
2025-02-10,P009,3,82.49
2025-02-10,P010,8,40.48
2025-02-10,P011,5,62.91
2025-02-10,P012,3,94.11
2025-02-10,P013,6,91.75
2025-02-10,P014,5,64.41
2025-02-10,P015,12,98.05
2025-02-10,P016,8,79.59
2025-02-10,P017,5,25.35
2025-02-10,P018,4,50.26
2025-02-10,P019,6,88.96
2025-02-10,P020,1,36.13
2025-02-11,P001,4,70.51
2025-02-11,P002,3,39.59
2025-02-11,P003,2,54.78
2025-02-11,P004,3,34.84
2025-02-11,P005,4,69.76
2025-02-11,P006,5,31.38
2025-02-11,P007,0,75.05
2025-02-11,P008,4,95.08
2025-02-11,P009,5,51.63
2025-02-11,P010,7,83.65
2025-02-11,P011,2,83.88
2025-02-11,P012,6,48.6
2025-02-11,P013,3,34.08
2025-02-11,P014,2,56.73
2025-02-11,P015,3,21.13
2025-02-11,P016,4,62.49
2025-02-11,P017,2,13.12
2025-02-11,P018,8,21.45
2025-02-11,P019,4,50.82
2025-02-11,P020,7,13.42
2025-02-12,P001,5,28.19
2025-02-12,P002,10,19.91
2025-02-12,P003,8,87.88
2025-02-12,P004,3,64.26
2025-02-12,P005,3,62.93
2025-02-12,P006,6,70.03
2025-02-12,P007,5,27.55
2025-02-12,P008,4,38.21
2025-02-12,P009,9,72.94
2025-02-12,P010,8,20.08
2025-02-12,P011,5,52.42
2025-02-12,P012,8,98.3
2025-02-12,P013,3,78.09
2025-02-12,P014,6,18.57
2025-02-12,P015,4,99.42
2025-02-12,P016,3,25.74
2025-02-12,P017,2,75.23
2025-02-12,P018,6,55.48
2025-02-12,P019,1,77.11
2025-02-12,P020,6,99.61
2025-02-13,P001,4,93.09
2025-02-13,P002,11,11.43
2025-02-13,P003,6,15.55
2025-02-13,P004,5,50.51
2025-02-13,P005,5,68.46
2025-02-13,P006,0,37.24
2025-02-13,P007,0,43.25
2025-02-13,P008,4,24.36
2025-02-13,P009,5,39.85
2025-02-13,P010,7,75.08
2025-02-13,P011,3,19.91
2025-02-13,P012,17,45.06
2025-02-13,P013,2,33.11
2025-02-13,P014,4,18.33
2025-02-13,P015,4,99.99
2025-02-13,P016,4,10.2
2025-02-13,P017,2,92.86
2025-02-13,P018,6,18.43
2025-02-13,P019,5,10.11
2025-02-13,P020,6,90.46
2025-02-14,P001,0,79.06
2025-02-14,P002,5,93.4
2025-02-14,P003,0,81.01
2025-02-14,P004,4,71.36
2025-02-14,P005,6,31.92
2025-02-14,P006,7,93.85
2025-02-14,P007,4,56.82
2025-02-14,P008,3,60.92
2025-02-14,P009,1,82.84
2025-02-14,P010,0,44.14
2025-02-14,P011,5,54.4
2025-02-14,P012,0,10.36
2025-02-14,P013,0,97.49
2025-02-14,P014,5,24.32
2025-02-14,P015,1,45.16
2025-02-14,P016,0,69.92
2025-02-14,P017,2,75.63
2025-02-14,P018,2,55.03
2025-02-14,P019,1,26.88
2025-02-14,P020,4,10.95
2025-02-15,P001,5,90.27
2025-02-15,P002,2,35.84
2025-02-15,P003,2,44.98
2025-02-15,P004,3,13.35
2025-02-15,P005,5,99.17
2025-02-15,P006,6,89.45
2025-02-15,P007,10,27.15
2025-02-15,P008,0,51.58
2025-02-15,P009,3,90.96
2025-02-15,P010,7,94.68
2025-02-15,P011,8,50.75
2025-02-15,P012,8,85.2
2025-02-15,P013,9,86.45
2025-02-15,P014,9,58.71
2025-02-15,P015,5,15.62
2025-02-15,P016,9,44.56
2025-02-15,P017,1,19.22
2025-02-15,P018,4,58.19
2025-02-15,P019,4,77.01
2025-02-15,P020,3,96.8
2025-02-16,P001,1,70.48
2025-02-16,P002,8,73.19
2025-02-16,P003,4,73.29
2025-02-16,P004,4,11.95
2025-02-16,P005,1,60.9
2025-02-16,P006,6,55.35
2025-02-16,P007,8,89.98
2025-02-16,P008,5,53.55
2025-02-16,P009,2,40.8
2025-02-16,P010,8,27.5
2025-02-16,P011,0,17.59
2025-02-16,P012,6,71.65
2025-02-16,P013,2,16.91
2025-02-16,P014,9,48.37
2025-02-16,P015,10,38.39
2025-02-16,P016,3,71.43
2025-02-16,P017,3,98.1
2025-02-16,P018,6,44.77
2025-02-16,P019,3,18.5
2025-02-16,P020,0,21.31
2025-02-17,P001,9,91.03
2025-02-17,P002,3,69.83
2025-02-17,P003,5,67.19
2025-02-17,P004,2,82.52
2025-02-17,P005,5,47.27
2025-02-17,P006,5,72.81
2025-02-17,P007,6,50.21
2025-02-17,P008,3,50.28
2025-02-17,P009,1,86.36
2025-02-17,P010,3,91.54
2025-02-17,P011,11,33.12
2025-02-17,P012,7,82.07
2025-02-17,P013,5,15.41
2025-02-17,P014,11,92.43
2025-02-17,P015,1,64.57
2025-02-17,P016,6,70.97
2025-02-17,P017,10,62.33
2025-02-17,P018,5,95.3
2025-02-17,P019,6,68.1
2025-02-17,P020,2,90.29
2025-02-18,P001,5,99.26
2025-02-18,P002,10,33.95
2025-02-18,P003,4,68.39
2025-02-18,P004,8,75.45
2025-02-18,P005,2,49.87
2025-02-18,P006,6,60.53
2025-02-18,P007,4,92.69
2025-02-18,P008,8,49.63
2025-02-18,P009,9,62.48
2025-02-18,P010,5,96.42
2025-02-18,P011,5,12.12
2025-02-18,P012,11,47.24
2025-02-18,P013,8,28.74
2025-02-18,P014,2,28.47
2025-02-18,P015,4,37.99
2025-02-18,P016,4,89.73
2025-02-18,P017,7,81.76
2025-02-18,P018,7,34.25
2025-02-18,P019,7,19.26
2025-02-18,P020,0,75.71
2025-02-19,P001,8,54.36
2025-02-19,P002,3,26.28
2025-02-19,P003,2,54.17
2025-02-19,P004,7,16.8
2025-02-19,P005,9,44.08
2025-02-19,P006,8,95.9
2025-02-19,P007,6,74.23
2025-02-19,P008,7,32.72
2025-02-19,P009,1,22.96
2025-02-19,P010,6,99.95
2025-02-19,P011,1,35.93
2025-02-19,P012,10,64.35
2025-02-19,P013,4,64.05
2025-02-19,P014,3,15.62
2025-02-19,P015,2,71.67
2025-02-19,P016,7,98.37
2025-02-19,P017,7,95.34
2025-02-19,P018,6,53.81
2025-02-19,P019,7,42.09
2025-02-19,P020,6,33.53
2025-02-20,P001,4,81.68
2025-02-20,P002,0,59.24
2025-02-20,P003,8,65.98
2025-02-20,P004,7,58.61
2025-02-20,P005,7,66.69
2025-02-20,P006,7,42.38
2025-02-20,P007,6,20.11
2025-02-20,P008,4,34.17
2025-02-20,P009,8,24.73
2025-02-20,P010,4,34.93
2025-02-20,P011,5,31.44
2025-02-20,P012,3,44.98
2025-02-20,P013,7,47.02
2025-02-20,P014,4,23.07
2025-02-20,P015,6,64.69
2025-02-20,P016,5,98.5
2025-02-20,P017,1,60.37
2025-02-20,P018,7,35.14
2025-02-20,P019,6,28.6
2025-02-20,P020,4,88.67
2025-02-21,P001,6,77.25
2025-02-21,P002,7,28.85
2025-02-21,P003,10,66.46
2025-02-21,P004,5,52.45
2025-02-21,P005,5,91.7
2025-02-21,P006,5,75.68
2025-02-21,P007,3,42.35
2025-02-21,P008,5,87.25
2025-02-21,P009,3,39.35
2025-02-21,P010,4,29.84
2025-02-21,P011,2,74.31
2025-02-21,P012,4,66.11
2025-02-21,P013,5,40.28
2025-02-21,P014,6,56.71
2025-02-21,P015,1,76.92
2025-02-21,P016,7,77.52
2025-02-21,P017,4,36.51
2025-02-21,P018,0,33.28
2025-02-21,P019,6,63.43
2025-02-21,P020,3,64.71
2025-02-22,P001,10,27.09
2025-02-22,P002,2,83.69
2025-02-22,P003,5,40.7
2025-02-22,P004,2,77.28
2025-02-22,P005,0,25.25
2025-02-22,P006,11,67.31
2025-02-22,P007,4,93.3
2025-02-22,P008,3,55.27
2025-02-22,P009,6,88.64
2025-02-22,P010,5,55.16
2025-02-22,P011,0,74.71
2025-02-22,P012,2,35.83
2025-02-22,P013,2,25.95
2025-02-22,P014,1,72.56
2025-02-22,P015,3,45.13
2025-02-22,P016,12,91.82
2025-02-22,P017,4,59.56
2025-02-22,P018,7,95.0
2025-02-22,P019,5,52.72
2025-02-22,P020,0,33.26
2025-02-23,P001,3,17.81
2025-02-23,P002,6,64.49
2025-02-23,P003,5,57.74
2025-02-23,P004,3,69.65
2025-02-23,P005,0,28.08
2025-02-23,P006,10,37.51
2025-02-23,P007,11,80.15
2025-02-23,P008,6,79.05
2025-02-23,P009,4,76.9
2025-02-23,P010,3,49.43
2025-02-23,P011,5,93.68
2025-02-23,P012,8,95.31
2025-02-23,P013,4,64.87
2025-02-23,P014,2,33.03
2025-02-23,P015,10,30.41
2025-02-23,P016,2,64.18
2025-02-23,P017,3,54.78
2025-02-23,P018,5,33.68
2025-02-23,P019,2,90.3
2025-02-23,P020,6,48.78
2025-02-24,P001,4,46.79
2025-02-24,P002,0,48.6
2025-02-24,P003,6,23.48
2025-02-24,P004,12,15.9
2025-02-24,P005,6,42.31
2025-02-24,P006,10,82.75
2025-02-24,P007,8,37.52
2025-02-24,P008,3,16.56
2025-02-24,P009,4,81.34
2025-02-24,P010,6,35.12
2025-02-24,P011,7,13.75
2025-02-24,P012,6,84.76
2025-02-24,P013,10,57.08
2025-02-24,P014,8,88.7
2025-02-24,P015,6,11.59
2025-02-24,P016,6,56.53
2025-02-24,P017,0,36.77
2025-02-24,P018,7,71.36
2025-02-24,P019,6,82.27
2025-02-24,P020,3,47.37
2025-02-25,P001,2,53.41
2025-02-25,P002,2,74.76
2025-02-25,P003,8,44.42
2025-02-25,P004,0,37.41
2025-02-25,P005,3,86.61
2025-02-25,P006,0,81.86
2025-02-25,P007,2,30.46
2025-02-25,P008,2,40.53
2025-02-25,P009,0,29.64
2025-02-25,P010,4,21.74
2025-02-25,P011,1,52.17
2025-02-25,P012,7,63.22
2025-02-25,P013,9,11.56
2025-02-25,P014,6,59.47
2025-02-25,P015,4,10.37
2025-02-25,P016,8,10.99
2025-02-25,P017,1,69.8
2025-02-25,P018,4,73.79
2025-02-25,P019,1,78.78
2025-02-25,P020,4,81.1
2025-02-26,P001,7,76.36
2025-02-26,P002,6,89.4
2025-02-26,P003,9,99.98
2025-02-26,P004,3,75.24
2025-02-26,P005,5,62.86
2025-02-26,P006,1,25.68
2025-02-26,P007,2,63.84
2025-02-26,P008,4,64.16
2025-02-26,P009,11,56.81
2025-02-26,P010,9,64.97
2025-02-26,P011,2,56.02
2025-02-26,P012,1,82.6
2025-02-26,P013,5,82.61
2025-02-26,P014,3,24.12
2025-02-26,P015,1,48.35
2025-02-26,P016,5,59.71
2025-02-26,P017,0,46.0
2025-02-26,P018,7,80.05
2025-02-26,P019,0,39.97
2025-02-26,P020,9,21.25
2025-02-27,P001,5,33.38
2025-02-27,P002,3,32.92
2025-02-27,P003,10,42.87
2025-02-27,P004,8,58.19
2025-02-27,P005,6,96.21
2025-02-27,P006,6,84.18
2025-02-27,P007,1,18.98
2025-02-27,P008,5,14.91
2025-02-27,P009,8,55.78
2025-02-27,P010,6,14.92
2025-02-27,P011,7,63.79
2025-02-27,P012,5,82.85
2025-02-27,P013,7,31.07
2025-02-27,P014,7,15.39
2025-02-27,P015,1,96.6
2025-02-27,P016,5,36.09
2025-02-27,P017,4,39.09
2025-02-27,P018,8,94.16
2025-02-27,P019,1,19.55
2025-02-27,P020,0,70.34
2025-02-28,P001,6,63.22
2025-02-28,P002,0,74.73
2025-02-28,P003,5,39.79
2025-02-28,P004,10,85.37
2025-02-28,P005,5,46.11
2025-02-28,P006,0,86.96
2025-02-28,P007,0,72.08
2025-02-28,P008,1,64.22
2025-02-28,P009,5,76.19
2025-02-28,P010,2,99.29
2025-02-28,P011,0,30.35
2025-02-28,P012,9,88.55
2025-02-28,P013,3,28.06
2025-02-28,P014,7,74.36
2025-02-28,P015,1,23.71
2025-02-28,P016,1,33.76
2025-02-28,P017,9,40.27
2025-02-28,P018,3,39.57
2025-02-28,P019,4,26.26
2025-02-28,P020,0,53.71
2025-03-01,P001,8,10.44
2025-03-01,P002,5,94.3
2025-03-01,P003,11,55.96
2025-03-01,P004,4,52.93
2025-03-01,P005,6,53.51
2025-03-01,P006,6,20.05
2025-03-01,P007,5,57.65
2025-03-01,P008,4,53.34
2025-03-01,P009,7,66.6
2025-03-01,P010,6,78.66
2025-03-01,P011,2,34.67
2025-03-01,P012,8,82.1
2025-03-01,P013,7,16.27
2025-03-01,P014,4,15.24
2025-03-01,P015,5,44.16
2025-03-01,P016,6,77.96
2025-03-01,P017,6,18.9
2025-03-01,P018,11,83.1
2025-03-01,P019,4,86.55
2025-03-01,P020,5,89.01
2025-03-02,P001,11,44.4
2025-03-02,P002,6,35.36
2025-03-02,P003,7,68.87
2025-03-02,P004,6,56.04
2025-03-02,P005,3,61.24
2025-03-02,P006,4,44.45
2025-03-02,P007,2,63.37
2025-03-02,P008,8,58.39
2025-03-02,P009,6,23.23
2025-03-02,P010,3,73.98
2025-03-02,P011,5,18.38
2025-03-02,P012,4,52.13
2025-03-02,P013,5,47.23
2025-03-02,P014,7,36.35
2025-03-02,P015,5,38.71
2025-03-02,P016,0,97.21
2025-03-02,P017,10,91.25
2025-03-02,P018,2,86.54
2025-03-02,P019,2,16.81
2025-03-02,P020,4,61.94
2025-03-03,P001,7,36.33
2025-03-03,P002,6,25.07
2025-03-03,P003,0,21.92
2025-03-03,P004,1,70.51
2025-03-03,P005,10,41.74
2025-03-03,P006,5,39.31
2025-03-03,P007,8,13.63
2025-03-03,P008,4,82.43
2025-03-03,P009,7,82.2
2025-03-03,P010,3,41.39
2025-03-03,P011,2,90.67
2025-03-03,P012,6,46.4
2025-03-03,P013,10,83.88
2025-03-03,P014,3,31.27
2025-03-03,P015,1,43.18
2025-03-03,P016,9,72.1
2025-03-03,P017,0,85.23
2025-03-03,P018,1,19.11
2025-03-03,P019,1,11.39
2025-03-03,P020,7,25.01
2025-03-04,P001,9,11.9
2025-03-04,P002,7,13.28
2025-03-04,P003,4,76.6
2025-03-04,P004,6,37.88
2025-03-04,P005,6,46.16
2025-03-04,P006,7,16.87
2025-03-04,P007,7,10.26
2025-03-04,P008,9,10.85
2025-03-04,P009,3,67.25
2025-03-04,P010,7,50.88
2025-03-04,P011,3,63.17
2025-03-04,P012,6,55.52
2025-03-04,P013,5,80.65
2025-03-04,P014,3,81.58
2025-03-04,P015,4,84.65
2025-03-04,P016,1,37.24
2025-03-04,P017,0,51.72
2025-03-04,P018,4,89.91
2025-03-04,P019,11,46.36
2025-03-04,P020,0,51.41
2025-03-05,P001,10,50.5
2025-03-05,P002,2,40.4
2025-03-05,P003,0,93.2
2025-03-05,P004,3,56.96
2025-03-05,P005,4,33.2
2025-03-05,P006,5,46.61
2025-03-05,P007,0,12.97
2025-03-05,P008,3,63.11
2025-03-05,P009,0,13.42
2025-03-05,P010,5,99.51
2025-03-05,P011,9,50.71
2025-03-05,P012,4,13.89
2025-03-05,P013,1,85.45
2025-03-05,P014,1,68.88
2025-03-05,P015,4,69.77
2025-03-05,P016,0,57.52
2025-03-05,P017,4,71.96
2025-03-05,P018,4,24.26
2025-03-05,P019,2,39.42
2025-03-05,P020,8,10.97
2025-03-06,P001,3,79.56
2025-03-06,P002,6,54.27
2025-03-06,P003,6,17.42
2025-03-06,P004,9,78.91
2025-03-06,P005,4,25.51
2025-03-06,P006,2,77.71
2025-03-06,P007,5,57.44
2025-03-06,P008,7,78.76
2025-03-06,P009,7,69.06
2025-03-06,P010,7,52.45
2025-03-06,P011,3,66.16
2025-03-06,P012,5,66.35
2025-03-06,P013,5,16.94
2025-03-06,P014,7,37.56
2025-03-06,P015,1,35.25
2025-03-06,P016,7,83.84
2025-03-06,P017,5,38.66
2025-03-06,P018,12,75.78
2025-03-06,P019,8,16.31
2025-03-06,P020,2,87.81
2025-03-07,P001,0,64.99
2025-03-07,P002,4,66.18
2025-03-07,P003,6,34.83
2025-03-07,P004,3,91.45
2025-03-07,P005,3,82.7
2025-03-07,P006,8,42.08
2025-03-07,P007,3,45.8
2025-03-07,P008,11,39.22
2025-03-07,P009,4,53.02
2025-03-07,P010,0,52.42
2025-03-07,P011,4,32.93
2025-03-07,P012,4,92.31
2025-03-07,P013,5,78.18
2025-03-07,P014,3,82.88
2025-03-07,P015,4,30.21
2025-03-07,P016,6,51.9
2025-03-07,P017,7,67.23
2025-03-07,P018,2,88.75
2025-03-07,P019,4,49.48
2025-03-07,P020,0,78.43
2025-03-08,P001,6,91.23
2025-03-08,P002,4,88.49
2025-03-08,P003,4,19.67
2025-03-08,P004,5,19.1
2025-03-08,P005,5,97.61
2025-03-08,P006,4,49.48
2025-03-08,P007,6,32.97
2025-03-08,P008,5,87.26
2025-03-08,P009,11,40.89
2025-03-08,P010,9,60.54
2025-03-08,P011,6,43.11
2025-03-08,P012,3,22.85
2025-03-08,P013,2,77.83
2025-03-08,P014,6,97.13
2025-03-08,P015,9,84.29
2025-03-08,P016,7,15.04
2025-03-08,P017,13,25.22
2025-03-08,P018,0,39.02
2025-03-08,P019,8,93.65
2025-03-08,P020,4,66.56
2025-03-09,P001,0,98.39
2025-03-09,P002,3,98.47
2025-03-09,P003,7,46.79
2025-03-09,P004,3,39.41
2025-03-09,P005,4,14.37
2025-03-09,P006,5,50.32
2025-03-09,P007,7,21.35
2025-03-09,P008,4,21.1
2025-03-09,P009,5,48.84
2025-03-09,P010,3,78.72
2025-03-09,P011,5,84.24
2025-03-09,P012,8,87.1
2025-03-09,P013,0,96.57
2025-03-09,P014,7,59.27
2025-03-09,P015,5,62.89
2025-03-09,P016,3,90.62
2025-03-09,P017,1,96.96
2025-03-09,P018,8,82.15
2025-03-09,P019,0,43.62
2025-03-09,P020,7,70.3
2025-03-10,P001,4,74.25
2025-03-10,P002,4,53.2
2025-03-10,P003,1,49.77
2025-03-10,P004,4,79.36
2025-03-10,P005,2,38.87
2025-03-10,P006,5,88.09
2025-03-10,P007,6,46.24
2025-03-10,P008,0,28.71
2025-03-10,P009,6,69.54
2025-03-10,P010,7,31.27
2025-03-10,P011,5,59.83
2025-03-10,P012,2,26.95
2025-03-10,P013,8,41.48
2025-03-10,P014,5,48.23
2025-03-10,P015,9,79.96
2025-03-10,P016,8,60.1
2025-03-10,P017,5,25.85
2025-03-10,P018,3,74.5
2025-03-10,P019,2,34.27
2025-03-10,P020,7,68.93
2025-03-11,P001,1,75.85
2025-03-11,P002,3,23.87
2025-03-11,P003,5,19.51
2025-03-11,P004,8,72.47
2025-03-11,P005,0,48.03
2025-03-11,P006,5,36.85
2025-03-11,P007,2,42.65
2025-03-11,P008,3,32.59
2025-03-11,P009,8,55.17
2025-03-11,P010,8,80.02
2025-03-11,P011,5,65.7
2025-03-11,P012,8,35.46
2025-03-11,P013,8,17.21
2025-03-11,P014,2,26.49
2025-03-11,P015,9,76.5
2025-03-11,P016,11,83.14
2025-03-11,P017,1,66.34
2025-03-11,P018,8,23.55
2025-03-11,P019,6,62.66
2025-03-11,P020,0,56.19
2025-03-12,P001,0,16.41
2025-03-12,P002,4,18.06
2025-03-12,P003,0,56.45
2025-03-12,P004,2,37.44
2025-03-12,P005,7,36.9
2025-03-12,P006,6,27.37
2025-03-12,P007,5,49.95
2025-03-12,P008,2,26.92
2025-03-12,P009,2,59.89
2025-03-12,P010,6,57.44
2025-03-12,P011,6,29.45
2025-03-12,P012,6,26.51
2025-03-12,P013,8,85.87
2025-03-12,P014,4,56.84
2025-03-12,P015,4,77.82
2025-03-12,P016,9,96.01
2025-03-12,P017,6,78.45
2025-03-12,P018,6,25.14
2025-03-12,P019,3,90.34
2025-03-12,P020,6,51.28
2025-03-13,P001,4,18.46
2025-03-13,P002,11,36.17
2025-03-13,P003,6,13.61
2025-03-13,P004,8,91.13
2025-03-13,P005,8,85.1
2025-03-13,P006,5,84.97
2025-03-13,P007,1,40.25
2025-03-13,P008,8,37.76
2025-03-13,P009,5,72.9
2025-03-13,P010,4,86.85
2025-03-13,P011,5,10.72
2025-03-13,P012,1,18.56
2025-03-13,P013,5,17.3
2025-03-13,P014,4,74.48
2025-03-13,P015,6,83.18
2025-03-13,P016,3,96.2
2025-03-13,P017,6,25.32
2025-03-13,P018,7,34.45
2025-03-13,P019,6,55.33
2025-03-13,P020,1,88.04
2025-03-14,P001,4,55.57
2025-03-14,P002,6,97.44
2025-03-14,P003,7,30.27
2025-03-14,P004,2,71.33
2025-03-14,P005,6,60.53
2025-03-14,P006,4,26.73
2025-03-14,P007,4,96.54
2025-03-14,P008,0,79.27
2025-03-14,P009,0,59.43
2025-03-14,P010,4,77.35
2025-03-14,P011,2,74.9
2025-03-14,P012,8,69.2
2025-03-14,P013,7,34.66
2025-03-14,P014,7,86.14
2025-03-14,P015,0,44.57
2025-03-14,P016,3,85.23
2025-03-14,P017,4,54.31
2025-03-14,P018,1,13.3
2025-03-14,P019,6,84.77
2025-03-14,P020,3,36.32
2025-03-15,P001,5,47.61
2025-03-15,P002,6,77.36
2025-03-15,P003,4,31.46
2025-03-15,P004,6,94.76
2025-03-15,P005,2,61.54
2025-03-15,P006,5,55.05
2025-03-15,P007,5,32.97
2025-03-15,P008,8,70.81
2025-03-15,P009,0,61.63
2025-03-15,P010,5,83.94
2025-03-15,P011,5,41.46
2025-03-15,P012,4,36.34
2025-03-15,P013,0,84.9
2025-03-15,P014,1,34.73
2025-03-15,P015,3,95.63
2025-03-15,P016,5,66.01
2025-03-15,P017,1,47.09
2025-03-15,P018,8,30.14
2025-03-15,P019,4,66.74
2025-03-15,P020,7,76.08
2025-03-16,P001,9,70.84
2025-03-16,P002,2,73.51
2025-03-16,P003,0,29.99
2025-03-16,P004,4,84.22
2025-03-16,P005,1,94.96
2025-03-16,P006,11,14.31
2025-03-16,P007,5,43.69
2025-03-16,P008,5,30.82
2025-03-16,P009,2,25.84
2025-03-16,P010,8,80.79
2025-03-16,P011,6,85.66
2025-03-16,P012,4,86.29
2025-03-16,P013,6,82.52
2025-03-16,P014,5,64.23
2025-03-16,P015,6,85.65
2025-03-16,P016,3,52.56
2025-03-16,P017,5,14.55
2025-03-16,P018,3,93.37
2025-03-16,P019,3,75.66
2025-03-16,P020,5,41.26
2025-03-17,P001,1,23.1
2025-03-17,P002,9,46.55
2025-03-17,P003,5,13.69
2025-03-17,P004,2,57.46
2025-03-17,P005,7,97.69
2025-03-17,P006,5,14.16
2025-03-17,P007,1,78.04
2025-03-17,P008,3,67.62
2025-03-17,P009,4,71.69
2025-03-17,P010,1,80.11
2025-03-17,P011,8,82.71
2025-03-17,P012,5,27.09
2025-03-17,P013,5,24.08
2025-03-17,P014,3,86.49
2025-03-17,P015,7,36.91
2025-03-17,P016,6,38.49
2025-03-17,P017,4,75.38
2025-03-17,P018,5,85.22
2025-03-17,P019,9,25.71
2025-03-17,P020,3,39.0
2025-03-18,P001,7,57.05
2025-03-18,P002,5,36.24
2025-03-18,P003,5,25.52
2025-03-18,P004,4,62.17
2025-03-18,P005,9,54.93
2025-03-18,P006,6,34.51
2025-03-18,P007,6,74.71
2025-03-18,P008,1,61.26
2025-03-18,P009,3,89.42
2025-03-18,P010,6,62.42
2025-03-18,P011,4,86.03
2025-03-18,P012,1,90.78
2025-03-18,P013,7,19.0
2025-03-18,P014,1,13.02
2025-03-18,P015,10,81.62
2025-03-18,P016,6,40.62
2025-03-18,P017,4,11.43
2025-03-18,P018,4,18.28
2025-03-18,P019,2,35.15
2025-03-18,P020,0,62.37
2025-03-19,P001,2,67.58
2025-03-19,P002,6,14.92
2025-03-19,P003,1,19.87
2025-03-19,P004,3,61.03
2025-03-19,P005,10,51.64
2025-03-19,P006,3,82.58
2025-03-19,P007,0,88.71
2025-03-19,P008,1,60.75
2025-03-19,P009,10,62.19
2025-03-19,P010,5,24.63
2025-03-19,P011,2,82.53
2025-03-19,P012,6,99.08
2025-03-19,P013,2,14.18
2025-03-19,P014,0,11.24
2025-03-19,P015,8,90.04
2025-03-19,P016,4,56.75
2025-03-19,P017,10,96.52
2025-03-19,P018,7,64.24
2025-03-19,P019,4,17.29
2025-03-19,P020,5,61.95
2025-03-20,P001,5,80.91
2025-03-20,P002,6,85.64
2025-03-20,P003,0,52.3
2025-03-20,P004,8,87.21
2025-03-20,P005,6,30.68
2025-03-20,P006,4,77.46
2025-03-20,P007,9,49.36
2025-03-20,P008,7,93.94
2025-03-20,P009,0,67.46
2025-03-20,P010,7,35.81
2025-03-20,P011,2,86.72
2025-03-20,P012,0,55.03
2025-03-20,P013,2,33.72
2025-03-20,P014,9,95.92
2025-03-20,P015,6,28.31
2025-03-20,P016,5,23.22
2025-03-20,P017,6,26.79
2025-03-20,P018,7,34.24
2025-03-20,P019,4,70.35
2025-03-20,P020,9,38.65
2025-03-21,P001,5,86.0
2025-03-21,P002,0,31.53
2025-03-21,P003,10,53.31
2025-03-21,P004,1,51.36
2025-03-21,P005,8,66.19
2025-03-21,P006,0,68.8
2025-03-21,P007,5,95.79
2025-03-21,P008,3,58.69
2025-03-21,P009,6,86.93
2025-03-21,P010,10,93.66
2025-03-21,P011,4,45.31
2025-03-21,P012,1,46.47
2025-03-21,P013,5,13.22
2025-03-21,P014,4,57.54
2025-03-21,P015,1,91.53
2025-03-21,P016,6,85.47
2025-03-21,P017,0,31.29
2025-03-21,P018,2,75.7
2025-03-21,P019,6,85.82
2025-03-21,P020,2,30.56
2025-03-22,P001,1,85.29
2025-03-22,P002,7,56.11
2025-03-22,P003,5,46.71
2025-03-22,P004,1,69.53
2025-03-22,P005,4,36.09
2025-03-22,P006,7,11.31
2025-03-22,P007,0,43.72
2025-03-22,P008,9,26.46
2025-03-22,P009,5,36.8
2025-03-22,P010,4,63.97
2025-03-22,P011,7,39.59
2025-03-22,P012,7,64.98
2025-03-22,P013,0,44.98
2025-03-22,P014,3,47.44
2025-03-22,P015,3,56.13
2025-03-22,P016,5,60.78
2025-03-22,P017,10,44.54
2025-03-22,P018,4,95.05
2025-03-22,P019,13,84.3
2025-03-22,P020,2,34.77
2025-03-23,P001,5,53.47
2025-03-23,P002,3,90.69
2025-03-23,P003,4,47.39
2025-03-23,P004,5,46.72
2025-03-23,P005,8,78.31
2025-03-23,P006,2,53.08
2025-03-23,P007,4,36.31
2025-03-23,P008,4,83.0
2025-03-23,P009,8,48.9
2025-03-23,P010,7,71.18
2025-03-23,P011,9,50.21
2025-03-23,P012,6,52.55
2025-03-23,P013,2,49.26
2025-03-23,P014,5,97.48
2025-03-23,P015,4,38.27
2025-03-23,P016,4,67.01
2025-03-23,P017,5,18.55
2025-03-23,P018,2,18.55
2025-03-23,P019,2,97.97
2025-03-23,P020,8,13.36
2025-03-24,P001,2,41.62
2025-03-24,P002,4,99.84
2025-03-24,P003,10,28.86
2025-03-24,P004,7,23.06
2025-03-24,P005,1,25.43
2025-03-24,P006,8,17.11
2025-03-24,P007,8,84.38
2025-03-24,P008,7,92.24
2025-03-24,P009,7,62.78
2025-03-24,P010,2,33.51
2025-03-24,P011,7,94.22
2025-03-24,P012,9,31.06
2025-03-24,P013,4,11.7
2025-03-24,P014,3,13.23
2025-03-24,P015,4,46.97
2025-03-24,P016,7,11.65
2025-03-24,P017,7,65.39
2025-03-24,P018,3,77.84
2025-03-24,P019,0,53.45
2025-03-24,P020,3,39.08
2025-03-25,P001,3,69.38
2025-03-25,P002,7,22.33
2025-03-25,P003,6,64.77
2025-03-25,P004,5,60.39
2025-03-25,P005,5,33.36
2025-03-25,P006,6,36.32
2025-03-25,P007,8,37.31
2025-03-25,P008,7,41.08
2025-03-25,P009,3,83.9
2025-03-25,P010,4,18.31
2025-03-25,P011,3,70.56
2025-03-25,P012,5,85.87
2025-03-25,P013,6,46.14
2025-03-25,P014,0,37.04
2025-03-25,P015,3,75.06
2025-03-25,P016,7,28.56
2025-03-25,P017,2,63.02
2025-03-25,P018,1,50.9
2025-03-25,P019,2,10.96
2025-03-25,P020,7,79.89
2025-03-26,P001,0,81.45
2025-03-26,P002,9,88.7
2025-03-26,P003,6,34.21
2025-03-26,P004,6,83.07
2025-03-26,P005,3,51.12
2025-03-26,P006,5,94.79
2025-03-26,P007,7,34.42
2025-03-26,P008,6,52.44
2025-03-26,P009,3,20.15
2025-03-26,P010,10,73.53
2025-03-26,P011,5,79.64
2025-03-26,P012,7,42.25
2025-03-26,P013,6,39.5
2025-03-26,P014,1,87.41
2025-03-26,P015,4,45.71
2025-03-26,P016,1,94.42
2025-03-26,P017,7,28.84
2025-03-26,P018,3,31.68
2025-03-26,P019,6,16.23
2025-03-26,P020,2,39.81
2025-03-27,P001,6,75.74
2025-03-27,P002,0,57.96
2025-03-27,P003,8,76.49
2025-03-27,P004,3,90.37
2025-03-27,P005,9,47.42
2025-03-27,P006,0,86.53
2025-03-27,P007,2,43.53
2025-03-27,P008,2,30.73
2025-03-27,P009,1,38.82
2025-03-27,P010,5,92.21
2025-03-27,P011,9,20.21
2025-03-27,P012,3,32.28
2025-03-27,P013,6,44.75
2025-03-27,P014,7,95.9
2025-03-27,P015,0,66.4
2025-03-27,P016,4,71.63
2025-03-27,P017,5,11.63
2025-03-27,P018,3,53.45
2025-03-27,P019,8,38.15
2025-03-27,P020,2,84.41
2025-03-28,P001,8,99.04
2025-03-28,P002,6,71.12
2025-03-28,P003,2,33.61
2025-03-28,P004,4,85.5
2025-03-28,P005,5,61.04
2025-03-28,P006,3,60.5
2025-03-28,P007,9,22.02
2025-03-28,P008,4,37.95
2025-03-28,P009,9,46.37
2025-03-28,P010,7,88.78
2025-03-28,P011,0,13.26
2025-03-28,P012,0,59.6
2025-03-28,P013,3,37.49
2025-03-28,P014,6,80.31
2025-03-28,P015,1,70.5
2025-03-28,P016,2,27.71
2025-03-28,P017,4,88.29
2025-03-28,P018,10,21.36
2025-03-28,P019,7,53.21
2025-03-28,P020,10,54.23
2025-03-29,P001,5,18.21
2025-03-29,P002,5,11.76
2025-03-29,P003,4,98.8
2025-03-29,P004,5,65.74
2025-03-29,P005,1,31.63
2025-03-29,P006,6,69.34
2025-03-29,P007,3,15.08
2025-03-29,P008,4,88.15
2025-03-29,P009,2,99.19
2025-03-29,P010,1,57.12
2025-03-29,P011,3,39.73
2025-03-29,P012,1,11.78
2025-03-29,P013,6,20.82
2025-03-29,P014,2,30.77
2025-03-29,P015,8,62.42
2025-03-29,P016,2,72.01
2025-03-29,P017,10,10.26
2025-03-29,P018,6,93.78
2025-03-29,P019,4,79.39
2025-03-29,P020,2,49.17
2025-03-30,P001,4,88.74
2025-03-30,P002,6,82.97
2025-03-30,P003,5,43.03
2025-03-30,P004,6,19.55
2025-03-30,P005,5,82.39
2025-03-30,P006,5,24.68
2025-03-30,P007,2,25.14
2025-03-30,P008,1,62.35
2025-03-30,P009,5,39.18
2025-03-30,P010,0,19.99
2025-03-30,P011,0,91.83
2025-03-30,P012,3,19.16
2025-03-30,P013,8,75.74
2025-03-30,P014,1,50.79
2025-03-30,P015,1,70.1
2025-03-30,P016,9,13.65
2025-03-30,P017,8,82.27
2025-03-30,P018,3,74.45
2025-03-30,P019,3,99.65
2025-03-30,P020,2,19.3
2025-03-31,P001,4,39.49
2025-03-31,P002,4,28.92
2025-03-31,P003,0,91.14
2025-03-31,P004,3,13.13
2025-03-31,P005,7,64.43
2025-03-31,P006,0,53.21
2025-03-31,P007,4,22.04
2025-03-31,P008,9,89.71
2025-03-31,P009,1,13.03
2025-03-31,P010,6,22.7
2025-03-31,P011,1,30.32
2025-03-31,P012,6,12.26
2025-03-31,P013,7,81.72
2025-03-31,P014,6,21.48
2025-03-31,P015,5,90.78
2025-03-31,P016,6,50.24
2025-03-31,P017,9,18.4
2025-03-31,P018,4,56.88
2025-03-31,P019,6,96.05
2025-03-31,P020,6,72.84
